/*
SQLyog Community v10.51 
MySQL - 5.5.46-0+deb7u1 : Database - sscalc
*********************************************************************
*/

/*!40101 SET NAMES utf8 */;

/*!40101 SET SQL_MODE=''*/;

/*!40014 SET @OLD_UNIQUE_CHECKS=@@UNIQUE_CHECKS, UNIQUE_CHECKS=0 */;
/*!40014 SET @OLD_FOREIGN_KEY_CHECKS=@@FOREIGN_KEY_CHECKS, FOREIGN_KEY_CHECKS=0 */;
/*!40101 SET @OLD_SQL_MODE=@@SQL_MODE, SQL_MODE='NO_AUTO_VALUE_ON_ZERO' */;
/*!40111 SET @OLD_SQL_NOTES=@@SQL_NOTES, SQL_NOTES=0 */;
CREATE DATABASE /*!32312 IF NOT EXISTS*/`sscalc` /*!40100 DEFAULT CHARACTER SET utf8 */;

USE `sscalc`;

/*Table structure for table `accessories` */

DROP TABLE IF EXISTS `accessories`;

CREATE TABLE `accessories` (
  `id` int(11) NOT NULL AUTO_INCREMENT,
  `accessory_item_number` varchar(50) DEFAULT NULL,
  `accessory_each` int(11) DEFAULT NULL,
  `accessory_name` varchar(50) DEFAULT NULL,
  `accessory_price` varchar(50) NOT NULL,
  `quote_id` int(6) DEFAULT NULL,
  PRIMARY KEY (`id`)
) ENGINE=MyISAM AUTO_INCREMENT=65 DEFAULT CHARSET=utf8;

/*Data for the table `accessories` */

insert  into `accessories`(`id`,`accessory_item_number`,`accessory_each`,`accessory_name`,`accessory_price`,`quote_id`) values (63,'',1,'Austral Double Flush Bolt','42.7',172),(64,'',2,'810517 Door Closer Hinged Black','13',172);

/*Table structure for table `additionalperlength` */

DROP TABLE IF EXISTS `additionalperlength`;

CREATE TABLE `additionalperlength` (
  `id` int(11) NOT NULL AUTO_INCREMENT,
  `additional_item_number` varchar(50) DEFAULT NULL,
  `additional_name` varchar(50) DEFAULT NULL,
  `additional_per_length` int(11) DEFAULT NULL,
  `additional_price` varchar(50) NOT NULL,
  `quote_id` int(6) DEFAULT NULL,
  PRIMARY KEY (`id`)
) ENGINE=MyISAM AUTO_INCREMENT=101 DEFAULT CHARSET=utf8;

/*Data for the table `additionalperlength` */

insert  into `additionalperlength`(`id`,`additional_item_number`,`additional_name`,`additional_per_length`,`additional_price`,`quote_id`) values (100,'','Stopbead',1,'2.8',172);

/*Table structure for table `additionalpermeters` */

DROP TABLE IF EXISTS `additionalpermeters`;

CREATE TABLE `additionalpermeters` (
  `id` int(11) NOT NULL AUTO_INCREMENT,
  `additional_item_number` varchar(50) DEFAULT NULL,
  `additional_name` varchar(50) DEFAULT NULL,
  `additional_per_meter` int(11) DEFAULT NULL,
  `additional_price` varchar(50) NOT NULL,
  `quote_id` int(6) DEFAULT NULL,
  PRIMARY KEY (`id`)
) ENGINE=MyISAM AUTO_INCREMENT=115 DEFAULT CHARSET=utf8;

/*Data for the table `additionalpermeters` */

insert  into `additionalpermeters`(`id`,`additional_item_number`,`additional_name`,`additional_per_meter`,`additional_price`,`quote_id`) values (113,'','Hd2 Flat Interlock * 4.4m',1,'2.05',172),(114,'','Hd3 Offset Interlock',2,'3.54',172);

/*Table structure for table `customitems` */

DROP TABLE IF EXISTS `customitems`;

CREATE TABLE `customitems` (
  `id` int(11) NOT NULL AUTO_INCREMENT,
  `custom_qty` int(11) DEFAULT NULL,
  `custom_description` varchar(128) NOT NULL,
  `custom_tick` tinyint(1) DEFAULT NULL,
  `custom_price` varchar(50) NOT NULL,
  `custom_markup` varchar(5) DEFAULT NULL,
  `custom_charged` varchar(50) NOT NULL,
  `quote_id` int(6) DEFAULT NULL,
  PRIMARY KEY (`id`)
) ENGINE=MyISAM AUTO_INCREMENT=161 DEFAULT CHARSET=utf8;

/*Data for the table `customitems` */

insert  into `customitems`(`id`,`custom_qty`,`custom_description`,`custom_tick`,`custom_price`,`custom_markup`,`custom_charged`,`quote_id`) values (157,NULL,'',0,'','','0',172),(156,NULL,'',0,'','','0',172),(155,NULL,'',0,'','','0',172),(158,NULL,'',0,'','','0',175),(159,NULL,'',0,'','','0',175),(160,NULL,'',0,'','','0',175);

/*Table structure for table `cutsheets` */

DROP TABLE IF EXISTS `cutsheets`;

CREATE TABLE `cutsheets` (
  `id` int(11) NOT NULL AUTO_INCREMENT,
  `section` varchar(100) DEFAULT NULL,
  `colour` varchar(100) DEFAULT NULL,
  `cut_to_size` int(11) DEFAULT NULL,
  `qty` int(11) DEFAULT NULL,
  `notes` varchar(200) DEFAULT NULL,
  `quote_id` int(11) NOT NULL,
  PRIMARY KEY (`id`)
) ENGINE=InnoDB DEFAULT CHARSET=utf8;

/*Data for the table `cutsheets` */

/*Table structure for table `dropdowns` */

DROP TABLE IF EXISTS `dropdowns`;

CREATE TABLE `dropdowns` (
  `id` int(11) NOT NULL AUTO_INCREMENT,
  `name` varchar(50) DEFAULT NULL,
  `type` varchar(50) DEFAULT NULL,
  `manual_sort` int(11) DEFAULT NULL,
  PRIMARY KEY (`id`)
) ENGINE=MyISAM AUTO_INCREMENT=602 DEFAULT CHARSET=utf8;

/*Data for the table `dropdowns` */

insert  into `dropdowns`(`id`,`name`,`type`,`manual_sort`) values (366,'SD-OXX,XXO LL','Door Configuration',20),(303,'Australian Cedar','Color 4',0),(306,'Bush Cherry','Color 4',0),(307,'Casuarina','Color 4',0),(308,'Chestnut','Color 4',0),(309,'Jarrah','Color 4',0),(310,'Rosewood','Color 4',0),(311,'Silky Oak','Color 4',0),(312,'Snow Gum','Color 4',0),(313,'Walnut Burl','Color 4',0),(314,'Western Red Cedar','Color 4',0),(365,'SD-OXX,XXO RL','Door Configuration',19),(364,'SD-OXXO LL','Door Configuration',18),(363,'SD-OXXO RL','Door Configuration',17),(362,'SD-XXXXO','Door Configuration',16),(357,'SD-OXXX','Door Configuration',11),(361,'SD-XXXO','Door Configuration',15),(336,'HD-Open Out-L Hng','Door Configuration',1),(337,'HD-Open Out-R Hng','Door Configuration',2),(338,'HD-Open In-L Hng','Door Configuration',3),(339,'HD-Open In-R Hng','Door Configuration',4),(340,'DBL-HD-OpOut Bolt L','Door Configuration',5),(341,'DBL-HD-OpOut Bolt R','Door Configuration',6),(342,'DBL-HD-OpIn Bolt L','Door Configuration',7),(343,'DBL-HD-OpIn Bolt R','Door Configuration',8),(367,'SD-OXXX,XXXO RL','Door Configuration',21),(358,'SD-OXXXX','Door Configuration',12),(355,'SD-OX','Door Configuration',9),(356,'SD-OXX','Door Configuration',10),(359,'SD-XO','Door Configuration',13),(360,'SD-XXO','Door Configuration',14),(549,'Pearl White','Standard Color',0),(369,'SD-OXXX,XXXO LL','Door Configuration',22),(600,'SD-XX','Door Configuration',NULL),(548,'Woodland Grey','Standard Color',0),(547,'White Birch','Standard Color',0),(540,'Deep Ocean','Standard Color',0),(546,'Stone Beige','Standard Color',0),(545,'Primrose','Standard Color',0),(544,'Mill Finish','Standard Color',0),(543,'Light Bronze','Standard Color',0),(542,'Clear 15um','Standard Color',0),(541,'Custom Black','Standard Color',0),(537,'Awning','Door Configuration',0),(550,'Darley Woodgrain','Color 4',0),(385,'Almond Ivory Gloss MD016A','Color 1',0),(386,'Anodic Bronze Satin MY125A','Color 1',0),(387,'Anodic Clear Matt MY221A','Color 1',0),(388,'Anodic Dark Grey GL213A','Color 1',0),(389,'Anodic French Champagne Matt GX207c','Color 1',0),(563,'Sec Slide-3 Panel','Door Configuration',0),(391,'Anodic Off White Matt MD227A','Color 1',0),(392,'Anodic Silver Grey Matt ML212A','Color 1',0),(393,'Apo Grey Satin 272-32786','Color 1',0),(394,'Apo Grey Satin ML183A','Color 1',0),(395,'Arrowhead Gloss ML066A','Color 1',0),(396,'Azure Grey Satin 272-36603','Color 1',0),(397,'Barley Gloss 984-50058','Color 1',0),(398,'Barley Gloss MD007A','Color 1',0),(399,'Barrister White Satin 272-84672','Color 1',0),(400,'Berry Grey Gloss 272-7252G','Color 1',0),(401,'Berry Grey Satin 272-88362','Color 1',0),(402,'Bright White Gloss MA030A','Color 1',0),(403,'Charcoal Gloss ML035A','Color 1',0),(404,'Charcoal Satin ML180A','Color 1',0),(405,'Citi Pearl Matt 272-88471','Color 1',0),(406,'Claret Satin MG142A','Color 1',0),(407,'Custom Black Matt MN248A','Color 1',0),(408,'Doeskin Satin MD188A','Color 1',0),(409,'Excel Basalt Matt GP208A','Color 1',0),(410,'Excel Blue Ridge Matt MJ221A','Color 1',0),(411,'Excel Blue Ridge Satin GQ121A','Color 1',0),(412,'Excel Bushland Matt MK203A','Color 1',0),(413,'Excel Bushland Satin GS103A','Color 1',0),(414,'Excel Classic Cream Matt MD245A','Color 1',0),(415,'Excel Classic Cream Satin GU145A','Color 1',0),(416,'Excel Cottage Green Matt MK274A','Color 1',0),(417,'Excel Cottage Green Satin GS174A','Color 1',0),(418,'Excel Cove Matt GD247A','Color 1',0),(419,'Excel Deep Ocean Matt MJ201A','Color 1',0),(420,'Excel Deep Ocean Satin GQ103A','Color 1',0),(421,'Excel Dune Matt ML252A','Color 1',0),(422,'Excel Dune Satin GP152A','Color 1',0),(423,'Excel Estate Matt MM247A','Color 1',0),(424,'Excel Evening Haze Matt GM235A','Color 1',0),(425,'Excel Evening Haze Satin GT135A','Color 1',0),(426,'Excel Gully Matt ','Color 1',0),(427,'Excel Harvest Matt MD215A','Color 1',0),(428,'Excel Headland Matt Mg219a','Color 1',0),(429,'Excel Headland Satin GV119A','Color 1',0),(430,'Excel Ironstone Matt Ml236a','Color 1',0),(431,'Excel Ironstone Satin GP136A','Color 1',0),(432,'Excel Jasper Matt Mm214a','Color 1',0),(433,'Excel Jasper Satin GT114A','Color 1',0),(434,'Excel Loft Matt GM236A','Color 1',0),(435,'Excel Loft Satin GT136A','Color 1',0),(436,'Excel Mangrove Matt GK277A','Color 1',0),(437,'Excel Manor Red Matt Mg262a','Color 1',0),(438,'Excel Manor Red Satin GV162A','Color 1',0),(439,'Excel Monument Matt GL229A','Color 1',0),(551,'Ultra Silver','Color 1',0),(441,'Excel Night Sky Matt Mn231a','Color 1',0),(442,'Excel Night Sky Satin GN121A','Color 1',0),(443,'Excel Pale Eucalypt Matt Mk236a','Color 1',0),(444,'Excel Pale Eucalypt Satin GS136A','Color 1',0),(445,'Excel Paperbark Matt Md214a','Color 1',0),(446,'Excel Paperbark Satin GU114A','Color 1',0),(447,'Excel Riversand Matt Mm204a','Color 1',0),(448,'Excel Sandbank Satin GT116A','Color 1',0),(449,'Excel Shale Grey Matt Ml284a','Color 1',0),(450,'Excel Shale Grey Satin GP184A','Color 1',0),(451,'Excel Surfmist Matt Ma236a','Color 1',0),(452,'Excel Surfmist Satin GB136A','Color 1',0),(534,'Anodic Natural Matt','Standard Color',0),(454,'Excel Wallaby Matt','Color 1',0),(455,'Excel Wilderness Matt Mk289a','Color 1',0),(456,'Excel Wilderness Satin GS189A','Color 1',0),(457,'Excel Windspray Matt Ml266a','Color 1',0),(458,'Excel Windspray Satin GP166A','Color 1',0),(459,'Excel Woodland Grey Matt Ml205a','Color 1',0),(460,'Excel Woodland Grey Satin GP105A','Color 1',0),(461,'Hawthorn Green Gloss Mk030a','Color 1',0),(462,'Heritage Green Gloss Mk044a','Color 1',0),(463,'Horizon Blue Gloss 272-33344','Color 1',0),(464,'Hunter Red Satin 272-84209','Color 1',0),(465,'Ivory Coast Gloss 984-82063','Color 1',0),(466,'Light Grey Gloss 984-32519','Color 1',0),(467,'Magnolia Gloss 272-32658','Color 1',0),(468,'Metropolis Bronze Pearl Matt 272-59003','Color 1',0),(469,'Metropolis Silver Glo Pearl Gloss 272-84623','Color 1',0),(470,'Metropolis Storm Pearl Satin 272-84684','Color 1',0),(471,'Navy Gloss Mjo11a','Color 1',0),(472,'New Hammersley Brown Satin 272-84657','Color 1',0),(473,'Notre Dame Gloss Ml040a','Color 1',0),(474,'Pottery Satin Mm175a','Color 1',0),(475,'Precious Bronze Pearl Satin 900-94686','Color 1',0),(476,'Precious Nickel Pearl Matt 272-88360','Color 1',0),(477,'Precious Onyx Pearl Gloss 272-52052','Color 1',0),(478,'Precious Pewter Pearl Satin 272-88202','Color 1',0),(479,'Precious Silver Pearl Satin 272-57225','Color 1',0),(480,'Regency Grey Matt 272-50278','Color 1',0),(481,'Rivergum Gloss Md042a','Color 1',0),(482,'Roseberry Grey Gloss Ml015a','Color 1',0),(483,'Stone Beige Matt 272-32538','Color 1',0),(484,'Vivica Black Onyx Gloss My042a','Color 1',0),(485,'Vivica Charcoal Metallic Gloss Mm019a','Color 1',0),(486,'Vivica Citi Low Sheen Ml211a','Color 1',0),(487,'Vivica Citi Matt Ml211a','Color 1',0),(488,'Vivica Palladium Silver Satin My184c','Color 1',0),(489,'Vivica Stormfront Matt Ml249a','Color 1',0),(490,'Vivica Ultra Silver Gloss My070a','Color 1',0),(491,'Wedgewood Satin Mj180a','Color 1',0),(492,'White Satin Ma124a','Color 1',0),(493,'Admiralty Grey Satin 961-51017','Color 2',0),(494,'Aubergine Satin 272-84736','Color 2',0),(495,'Eternity Bronze Pearl Satin 900-88393','Color 2',0),(496,'Eternity Charcoal Pearl Satin 900-88394','Color 2',0),(497,'Eternity Nickle Pearl Matt 900-88395','Color 2',0),(498,'Eternity Pewter Pearl Satin 900-88396','Color 2',0),(499,'Eternity Silver Pearl Satin 900-88397','Color 2',0),(500,'Lunar Eclipse Satin 900-87734','Color 2',0),(501,'Lunar Grey Matt 900-88417','Color 2',0),(502,'Lunar White Gloss 900-87731','Color 2',0),(503,'Off White Satin 272-33732','Color 2',0),(504,'Precious Gold Pearl Satin 272-96604','Color 2',0),(505,'Precious Steel Pearl Satin 272-57127','Color 2',0),(506,'Ultriva Bronze Pearl Matt','Color 2',0),(507,'Ultriva Champagne Pearl Matt','Color 2',0),(508,'Ultriva Charcoal Matt','Color 2',0),(509,'Ultriva Charcoal Pearl Matt','Color 2',0),(510,'Ultriva Citi Pearl Matt','Color 2',0),(511,'Ultriva Silver Pearl Low Sheen Yy230a','Color 2',0),(512,'Vivica Asteroid Mn271a see Sable','Color 2',0),(513,'Vivica Brilliance Ml277a see Sable','Color 2',0),(514,'Ultriva Anodic Natural Matt','Color 3',0),(515,'Ultriva Anodic Stella Bronze Matt','Color 3',0),(516,'Ultriva Black Pearl Matt','Color 3',0),(517,'Ultriva Deep Ocean Matt','Color 3',0),(518,'Ultriva Driftwood Matt','Color 3',0),(519,'Ultriva Ebony Matt','Color 3',0),(520,'Ultriva Gold Pearl Matt','Color 3',0),(521,'Ultriva Luxe Bronze Pearl Matt','Color 3',0),(522,'Ultriva Nobel Silver Pearl Satin','Color 3',0),(523,'Ultriva Olde Pewter Matt','Color 3',0),(524,'Ultriva Pearl White Gloss','Color 3',0),(525,'Ultriva Primrose Gloss','Color 3',0),(526,'Ultriva Silver Pearl Matt','Color 3',0),(533,'Access Window','Door Configuration',0),(530,'Double Hung','Door Configuration',0),(531,'OXO','Door Configuration',0),(532,'XOX','Door Configuration',0),(539,'Precious Champagne Kinetic (A&L)','Color 2',0),(562,'Sec Slide-2 Panel','Door Configuration',0),(555,'Pottery','Color 1',0),(556,'Stromboli Satin GK148A','Color 2',0),(557,'DO NOT BUILD YET','Door Configuration',0),(558,'Louvres','Door Configuration',0),(564,'Sec Slide-4 Panel','Door Configuration',0),(565,'Sec Slide-5 Panel','Door Configuration',0);

/*Table structure for table `mcvalues` */

DROP TABLE IF EXISTS `mcvalues`;

CREATE TABLE `mcvalues` (
  `id` int(11) NOT NULL AUTO_INCREMENT,
  `secperf_dist` varchar(10) DEFAULT NULL,
  `secperf_whsl` varchar(10) DEFAULT NULL,
  `secperf_re` varchar(10) DEFAULT NULL,
  `dgfibr_dist` varchar(10) DEFAULT NULL,
  `dgfibr_whsl` varchar(10) DEFAULT NULL,
  `dgfibr_re` varchar(10) DEFAULT NULL,
  `std` varchar(10) DEFAULT NULL,
  `spec1` varchar(10) DEFAULT NULL,
  `spec2` varchar(10) DEFAULT NULL,
  `spec3` varchar(10) DEFAULT NULL,
  `spec4` varchar(10) DEFAULT NULL,
  `hrly_sd` varchar(10) DEFAULT NULL,
  `hrly_sw` varchar(10) DEFAULT NULL,
  `hrly_dd` varchar(10) DEFAULT NULL,
  `hrly_dw` varchar(10) DEFAULT NULL,
  `hrly_fd` varchar(10) DEFAULT NULL,
  `hrly_fw` varchar(10) DEFAULT NULL,
  `hrly_pd` varchar(10) DEFAULT NULL,
  `hrly_pw` varchar(10) DEFAULT NULL,
  `cleanup_sd` varchar(10) DEFAULT NULL,
  `cleanup_sw` varchar(10) DEFAULT NULL,
  `cleanup_dd` varchar(10) DEFAULT NULL,
  `cleanup_dw` varchar(10) DEFAULT NULL,
  `cleanup_fd` varchar(10) DEFAULT NULL,
  `cleanup_fw` varchar(10) DEFAULT NULL,
  `cleanup_pd` varchar(10) DEFAULT NULL,
  `cleanup_pw` varchar(10) DEFAULT NULL,
  `markup_sd` varchar(10) DEFAULT NULL,
  `markup_sw` varchar(10) DEFAULT NULL,
  `markup_dd` varchar(10) DEFAULT NULL,
  `markup_dw` varchar(10) DEFAULT NULL,
  `markup_fd` varchar(10) DEFAULT NULL,
  `markup_fw` varchar(10) DEFAULT NULL,
  `markup_pd` varchar(10) DEFAULT NULL,
  `markup_pw` varchar(10) DEFAULT NULL,
  `sec_win_mesh` int(11) DEFAULT NULL,
  `sec_door_mesh` int(11) DEFAULT NULL,
  `dg_win_mesh` int(11) DEFAULT NULL,
  `dg_door_mesh` int(11) DEFAULT NULL,
  `fibr_win_mesh` int(11) DEFAULT NULL,
  `fibr_door_mesh` int(11) DEFAULT NULL,
  `perf_win_mesh` int(11) DEFAULT NULL,
  `perf_door_mesh` int(11) DEFAULT NULL,
  `user_id` int(11) NOT NULL,
  PRIMARY KEY (`id`)
) ENGINE=MyISAM AUTO_INCREMENT=47 DEFAULT CHARSET=utf8;

/*Data for the table `mcvalues` */

insert  into `mcvalues`(`id`,`secperf_dist`,`secperf_whsl`,`secperf_re`,`dgfibr_dist`,`dgfibr_whsl`,`dgfibr_re`,`std`,`spec1`,`spec2`,`spec3`,`spec4`,`hrly_sd`,`hrly_sw`,`hrly_dd`,`hrly_dw`,`hrly_fd`,`hrly_fw`,`hrly_pd`,`hrly_pw`,`cleanup_sd`,`cleanup_sw`,`cleanup_dd`,`cleanup_dw`,`cleanup_fd`,`cleanup_fw`,`cleanup_pd`,`cleanup_pw`,`markup_sd`,`markup_sw`,`markup_dd`,`markup_dw`,`markup_fd`,`markup_fw`,`markup_pd`,`markup_pw`,`sec_win_mesh`,`sec_door_mesh`,`dg_win_mesh`,`dg_door_mesh`,`fibr_win_mesh`,`fibr_door_mesh`,`perf_win_mesh`,`perf_door_mesh`,`user_id`) values (46,'48','55','60','25','30','50','0','4.50','5.50','7.00','8.00','30','30','30','30','30','30','30','30','90','30','90','25','25','5','80','25','0','0','0','0','0','0','0','0',52,105,50,115,0,0,52,105,47);

/*Table structure for table `midrails` */

DROP TABLE IF EXISTS `midrails`;

CREATE TABLE `midrails` (
  `id` int(6) NOT NULL AUTO_INCREMENT,
  `midrail_item_number` varchar(50) DEFAULT NULL,
  `midrail_qty` int(11) DEFAULT NULL,
  `midrail_sec_dig_perf_fibr` varchar(50) DEFAULT NULL,
  `midrail_316_ssgal_pet` varchar(50) DEFAULT NULL,
  `midrail_window_or_door` varchar(50) DEFAULT NULL,
  `midrail_height` int(11) DEFAULT NULL,
  `midrail_width` int(11) DEFAULT NULL,
  `midrail_window_frame_type` varchar(20) NOT NULL,
  `midrails_configuration` varchar(50) NOT NULL,
  `midrail_cost` varchar(50) DEFAULT NULL,
  `quote_id` int(11) NOT NULL,
  PRIMARY KEY (`id`)
) ENGINE=MyISAM AUTO_INCREMENT=115 DEFAULT CHARSET=utf8;

/*Data for the table `midrails` */

insert  into `midrails`(`id`,`midrail_item_number`,`midrail_qty`,`midrail_sec_dig_perf_fibr`,`midrail_316_ssgal_pet`,`midrail_window_or_door`,`midrail_height`,`midrail_width`,`midrail_window_frame_type`,`midrails_configuration`,`midrail_cost`,`quote_id`) values (113,'',NULL,'','','',NULL,NULL,'','','0',172),(114,'',NULL,'','','',NULL,NULL,'','','0',175);

/*Table structure for table `parts` */

DROP TABLE IF EXISTS `parts`;

CREATE TABLE `parts` (
  `id` int(10) unsigned NOT NULL AUTO_INCREMENT,
  `part_number` varchar(60) DEFAULT NULL,
  `title` varchar(255) DEFAULT NULL,
  `supplier` varchar(255) DEFAULT NULL,
  `buy_price_include_GST` float DEFAULT NULL,
  `unit` varchar(10) DEFAULT NULL,
  `size` float DEFAULT NULL,
  `marked_up` float DEFAULT NULL,
  `mark_up` float DEFAULT NULL,
  `price_per_unit` float DEFAULT NULL,
  `show_in_additional_section_dropdown` tinyint(1) DEFAULT NULL,
  `show_in_additional_section_by_length_dropdown` tinyint(1) DEFAULT NULL,
  `show_in_accessories_dropdown` tinyint(1) DEFAULT NULL,
  `master_calculator_value` tinyint(1) DEFAULT NULL,
  `display_order` int(11) DEFAULT NULL,
  `uniqeid` varchar(50) DEFAULT NULL,
  `created` datetime NOT NULL,
  `modified` datetime NOT NULL,
  `description` varchar(500) DEFAULT NULL,
  PRIMARY KEY (`id`)
) ENGINE=InnoDB AUTO_INCREMENT=56 DEFAULT CHARSET=utf8;

/*Data for the table `parts` */

insert  into `parts`(`id`,`part_number`,`title`,`supplier`,`buy_price_include_GST`,`unit`,`size`,`marked_up`,`mark_up`,`price_per_unit`,`show_in_additional_section_dropdown`,`show_in_additional_section_by_length_dropdown`,`show_in_accessories_dropdown`,`master_calculator_value`,`display_order`,`uniqeid`,`created`,`modified`,`description`) values (12,NULL,'Hd2 Flat Interlock * 4.4m','',6,'meter',4.4,9,50,2.05,1,0,0,0,1,'C3EDC404-E2C4-79CC-8D27-627B02BA5FB4','2017-01-15 12:01:59','2017-04-04 20:53:54',NULL),(13,NULL,'Hd3 Offset Interlock','',5.2,'meter',4.4,7.8,50,1.77,1,0,0,NULL,2,'968E267B-83DE-E5E1-AEB1-2AA0931A4392','2017-01-15 12:03:10','2017-02-19 21:08:26',NULL),(14,NULL,'Hd10 7mm Offset Interlock','',5.64,'meter',4.4,8.46,50,1.92,1,0,0,NULL,3,'D6C847F9-2E74-8BEC-A88D-9FE90E0C2550','2017-01-15 12:04:02','2017-02-19 21:08:26',NULL),(15,NULL,'Frame Interlock * 4.4m','',6.8,'meter',4.4,10.2,50,2.32,1,0,0,NULL,4,'4C664E8B-4B13-0336-1E44-91464CC148EB','2017-01-15 12:05:17','2017-02-19 21:08:26',NULL),(16,NULL,'St9 Reciever Channel','',15.5,'meter',6.5,21.7,40,3.34,1,0,0,NULL,5,'489E93DB-7B2E-F44F-A950-E31E70765D4C','2017-01-15 12:06:32','2017-02-19 21:08:26',NULL),(17,NULL,'25x20x1.6mm Channel L1813','',25.26,'meter',6.3,32.86,30,5.21,1,0,0,NULL,6,'610E12AF-553E-8A36-28DA-2BF52EF5D769','2017-01-15 12:08:37','2017-02-19 21:08:26',NULL),(18,NULL,'Bs2 Bug Strip','',5.91,'meter',4.4,5.87,50,2.01,1,0,0,NULL,7,'A423E163-5D79-613A-CFCD-A7F4DC6A5C19','2017-01-15 12:16:38','2017-02-19 21:08:26',NULL),(19,NULL,'Stopbead','',11,'meter',5.1,14.3,30,2.8,0,1,0,NULL,8,'4A06485F-112B-D868-F9EE-9B9B7432AA97','2017-01-15 12:18:18','2017-02-19 21:08:26',NULL),(20,'','20 X 12mm Trim Angle','',9.7,'meter',6.5,13.58,40,2.09,1,0,0,0,9,'0B2DC591-621F-B867-8549-E95094028233','2017-01-15 12:20:03','2017-08-18 22:11:17',NULL),(21,NULL,'Hd15 Short Leg Door Reveal','',18,'meter',5.4,23.4,30,4.33,0,1,0,NULL,10,'5BEAAF8E-EF1B-1BC9-A950-94C9B7AAD581','2017-01-15 12:22:17','2017-02-19 21:08:26',NULL),(22,NULL,'Hd16 Long Leg Door Reveal','',21.15,'meter',5.4,27.5,30,5.09,0,1,0,NULL,11,'90EEAD29-009C-9B8F-F8F4-B34FC55ECFD9','2017-01-15 12:23:25','2017-02-19 21:08:26',NULL),(23,NULL,'Tm18 Offset T-Mullion','',9.2,'meter',4.2,27.6,200,6.57,1,0,0,NULL,NULL,'A7DEF0AC-062B-5F9D-32BE-01C9A2EFE75C','2017-01-15 12:25:48','2017-02-19 21:08:26',NULL),(24,NULL,'St11 Bottom Runner','',6.3,'meter',4.2,10.08,60,2.4,0,1,0,NULL,NULL,'5F1498F7-703D-2FAB-E9EC-9CF5B0947A3E','2017-01-15 12:26:47','2017-02-19 21:08:26',NULL),(26,NULL,'St8 Bottom Sliding Track-U','',16.5,'meter',6.5,23.1,40,3.55,0,1,0,NULL,NULL,'C0596ABD-046F-6A2F-FFD9-FB3B6006DE69','2017-01-15 12:29:28','2017-02-19 21:08:26',NULL),(27,NULL,'L3455 Single Top Track  5m','',8.08,'meter',5,12.12,50,2.42,0,1,0,NULL,NULL,'E16FE95A-726B-DCCE-CCF3-1F58D5A1F3EE','2017-01-15 12:30:22','2017-02-19 21:08:26',NULL),(28,NULL,'L3454 Single Bottom Track','',8.16,'meter',5,12.24,50,2.45,0,1,0,NULL,NULL,'3022EB26-5015-1E04-7DC4-7F8BC8FC1910','2017-01-15 12:31:33','2017-02-19 21:08:26',NULL),(29,NULL,'Austral Double Flush Bolt','',21.35,'meter',1,42.7,100,42.7,0,0,1,NULL,NULL,'AF9B0550-09FA-4DD3-C890-55A1BB74F749','2017-01-15 12:32:52','2017-02-19 21:08:26',NULL),(30,NULL,'810517 Door Closer Hinged Black','',6.5,'meter',1,6.5,0,6.5,0,0,1,NULL,NULL,'F786DF08-2C58-3D5A-74DA-25A68599A287','2017-01-15 12:33:30','2017-02-19 21:08:26',NULL),(31,NULL,'Pd1 Small Pet Door 240mm X 190mm','',48.69,'meter',1,70.6,45,70.6,0,0,1,NULL,NULL,'0D76DEA1-01BB-47C2-773B-D16FC0A72D21','2017-01-15 12:34:40','2017-02-19 21:08:26',NULL),(32,NULL,'Pdl Large Pet Door 400mm X 260mm','',73.85,'meter',1,96.01,30,96.01,0,0,1,NULL,NULL,'C67061C5-49DD-2603-3638-622C4BE6737C','2017-01-15 12:35:22','2017-02-19 21:08:26',NULL),(33,NULL,'ST7 SECURITY DOOR TRACK-H','',16.5,'meter',6.5,23.1,40,3.55,0,1,0,NULL,NULL,'7B15A782-D3C7-8B5B-C65A-F2E193ACEBC0','2017-01-23 13:25:50','2017-02-19 21:08:26',NULL),(34,NULL,'SG S/S mesh','',75.6,'sqm',1,NULL,NULL,75.6,0,0,0,1,1,'F8C363DD-9855-885B-E32B-002B4D260C84','2017-01-23 18:02:29','2017-02-19 21:08:27',NULL),(35,NULL,'Perf Aliorated Mesh','',68.45,'sqm',1,82.82,10,82.82,0,0,0,1,2,'ADF2C790-EE31-9CAA-A9A7-9ECC6F7AAC5B','2017-01-23 18:05:00','2017-02-19 21:08:27',NULL),(36,NULL,'7mm Grille','',19.56,'sqm',1,21.51,10,21.51,0,0,0,1,3,'1C0ACBB7-471B-814A-CD0C-CA1DB6988759','2017-01-23 21:38:22','2017-02-19 21:08:27',NULL),(37,NULL,'Sec Door Frame','',39.03,'meter',6,42.93,10,7.16,0,0,0,1,4,'9974F23E-EDD6-91A0-135C-48917A89F76B','2017-01-23 21:40:07','2017-02-19 21:08:27',NULL),(38,NULL,'Sec Window Frame','',22.56,'meter',6,24.82,10,4.14,0,0,0,1,5,'F4574B4B-11A7-3DD8-C866-73FD37002327','2017-01-23 21:43:18','2017-02-19 21:08:27',NULL),(39,NULL,'Midrail','',27.78,'meter',6,30.56,10,5.09,0,0,0,1,6,'7E2FF200-8A62-BCD8-E373-E39EA01E469F','2017-01-23 21:46:47','2017-02-19 21:08:27',NULL),(40,NULL,'D/Grille Door Frame','',29.3,'meter',6,32.23,10,5.37,0,0,0,1,7,'CC96E3DD-EA94-1AF2-30CA-8A5A38CCA616','2017-01-23 22:06:09','2017-02-19 21:08:27',NULL),(41,NULL,'D/Grille Window Frame','',15.98,'meter',6,17.55,10,2.93,0,0,0,1,8,'685807A4-B8C3-C154-D912-E1099F9D7C76','2017-01-23 22:07:58','2017-02-19 21:08:27',NULL),(42,NULL,'Fly Frame','',6.73,'meter',5,7.41,10,1.48,0,0,0,1,9,'8982441B-01E0-77DA-6641-E39A7B10F77E','2017-01-23 22:09:51','2017-02-19 21:08:27',NULL),(43,NULL,'Door Crn stake','',0.63,'each',1,0.69,10,0.69,0,0,0,1,10,'E02D4812-C674-09C0-DAFB-01725AE9C31B','2017-01-23 22:11:10','2017-02-19 21:08:27',NULL),(44,NULL,'Window Crn stake 11mm','',0.46,'each',1,0.51,10,0.51,0,0,0,1,11,'1852B265-3E09-269D-251E-817B20B6C343','2017-01-23 22:12:00','2017-02-19 21:08:27',NULL),(45,NULL,'Perforated Sheet Fixing Bead','',10.67,'meter',3.1,11.73,10,3.79,0,0,0,1,12,'4F2F4256-F6FD-52CF-6D29-6D4DB8BFE121','2017-01-23 22:15:10','2017-02-19 21:08:27',NULL),(46,NULL,'PVC L Seat','',237.46,'meter',100,NULL,NULL,2.37,0,0,0,1,13,'04EC487D-C797-287B-86D3-807EB9657011','2017-01-23 22:20:56','2017-02-19 21:08:27',NULL),(47,NULL,'PVC Wedge','',422.14,'meter',99,464.354,10,4.69,0,0,0,1,13,'7FA1D4DD-0BF0-2F50-528C-C03535CB5F63','2017-01-23 22:22:51','2017-02-19 21:08:27',NULL),(48,NULL,'Insect Mesh','',1.14,'sqm',1,1.26,10,1.26,0,0,0,1,14,'1512FE65-FA8E-DCB3-614C-41F3E1B5A21F','2017-01-27 10:38:47','2017-02-19 21:08:27',NULL),(49,NULL,'S/Door Pet Mesh 915 x 30m','',9.59,'sqm',1,10.55,10,10.55,0,0,0,1,15,'3BB09270-0B4A-62DE-BC91-45EE46125D8D','2017-01-27 10:39:53','2017-02-19 21:08:27',NULL),(50,NULL,'5.7mm Foam Spline 457m','',0.1,'meter',1,0.11,10,0.11,0,0,0,1,16,'D6BDB220-D779-4B46-592D-D0241B173B42','2017-01-27 10:40:58','2017-02-19 21:08:27',NULL),(51,NULL,'Corner stake for F/Frame','',0.16,'each',1,0.18,10,0.18,0,0,0,1,17,'C475F181-427F-078E-4450-4F082BB69635','2017-01-27 10:41:45','2017-02-19 21:08:27',NULL),(52,NULL,'Roller and Hinges','',2.15,'each',1,NULL,NULL,2.15,0,0,0,1,18,'B750D656-CD2F-B96A-6033-94CF7D4CBFEE','2017-01-27 10:42:27','2017-02-19 21:08:27',NULL),(53,NULL,'Single Lock','',23.74,'each',1,NULL,NULL,23.74,0,0,0,1,18,'30334810-642A-3612-3849-2B77A656608C','2017-01-27 11:01:39','2017-02-19 21:08:28',NULL),(54,NULL,'Trple Hngd','',66.34,'each',1,NULL,NULL,66.34,0,0,0,1,19,'375B0AB7-4356-9D11-75C6-9DD31107212F','2017-01-27 11:02:11','2017-02-19 21:08:28',NULL),(55,NULL,'Trp Sliding','',66.34,'each',1,NULL,NULL,66.34,0,0,0,1,20,'62894E5F-B00D-73FF-207C-8E1BCB060F22','2017-01-27 11:02:30','2017-02-19 21:08:28',NULL);

/*Table structure for table `products` */

DROP TABLE IF EXISTS `products`;

CREATE TABLE `products` (
  `id` int(11) NOT NULL AUTO_INCREMENT,
  `product_item_number` varchar(50) DEFAULT NULL,
  `product_qty` int(11) DEFAULT NULL,
  `product_sec_dig_perf_fibr` varchar(20) DEFAULT NULL,
  `product_316_ss_gal_pet` varchar(20) DEFAULT NULL,
  `product_window_or_door` varchar(20) DEFAULT NULL,
  `product_emergency_window` tinyint(1) DEFAULT NULL,
  `product_window_frame_type` varchar(20) DEFAULT NULL,
  `product_configuration` varchar(50) DEFAULT NULL,
  `product_location_in_building` varchar(50) DEFAULT NULL,
  `product_width` int(11) DEFAULT NULL,
  `product_height` int(11) DEFAULT NULL,
  `product_number_of_locks` varchar(20) DEFAULT NULL,
  `product_lock_type` varchar(30) DEFAULT NULL,
  `product_lock_handle_height` varchar(20) DEFAULT NULL,
  `product_cost` varchar(50) DEFAULT NULL,
  `quote_id` int(11) NOT NULL,
  PRIMARY KEY (`id`)
) ENGINE=MyISAM AUTO_INCREMENT=201 DEFAULT CHARSET=utf8;

/*Data for the table `products` */

insert  into `products`(`id`,`product_item_number`,`product_qty`,`product_sec_dig_perf_fibr`,`product_316_ss_gal_pet`,`product_window_or_door`,`product_emergency_window`,`product_window_frame_type`,`product_configuration`,`product_location_in_building`,`product_width`,`product_height`,`product_number_of_locks`,`product_lock_type`,`product_lock_handle_height`,`product_cost`,`quote_id`) values (193,'',1,'D/Grille','','Window',0,'11mm','','',NULL,NULL,'','','','23.430225',167),(192,'',1,'Security','','Window',0,'11mm','','',NULL,NULL,'','','','29.19107584',167),(197,'',1,'Security','','Door',0,'','','',NULL,NULL,'1','Single','0','121.26',172),(198,'',1,'Security','','Window',0,'','','',NULL,NULL,'1','Single','0','62.14',172),(200,'',1,'Security','','Door',0,NULL,'HD-Open In-L Hng','',820,2050,'1','Trple Sldng','0','265.46',175);

/*Table structure for table `quotes` */

DROP TABLE IF EXISTS `quotes`;

CREATE TABLE `quotes` (
  `id` int(11) NOT NULL AUTO_INCREMENT,
  `original_id` int(11) DEFAULT NULL,
  `original_qid` int(11) DEFAULT NULL,
  `required_date` varchar(20) DEFAULT NULL,
  `orderin_date` varchar(20) DEFAULT NULL,
  `notes` text,
  `notes_customer` text,
  `notes_installer` text,
  `customer_name` varchar(50) DEFAULT NULL,
  `mobile` varchar(20) DEFAULT NULL,
  `phone` varchar(20) DEFAULT NULL,
  `email` varchar(50) DEFAULT NULL,
  `fax` varchar(20) DEFAULT NULL,
  `street` varchar(50) DEFAULT NULL,
  `suburb` varchar(50) DEFAULT NULL,
  `postcode` varchar(20) DEFAULT NULL,
  `state` varchar(10) DEFAULT NULL,
  `standard` tinyint(1) DEFAULT NULL,
  `second_color_required` tinyint(1) NOT NULL,
  `color1` tinyint(1) DEFAULT NULL,
  `color2` tinyint(1) DEFAULT NULL,
  `color3` tinyint(1) DEFAULT NULL,
  `color4` tinyint(1) DEFAULT NULL,
  `standard_color` varchar(50) DEFAULT NULL,
  `color1_color` varchar(50) DEFAULT NULL,
  `color2_color` varchar(50) DEFAULT NULL,
  `color3_color` varchar(50) DEFAULT NULL,
  `color4_color` varchar(50) DEFAULT NULL,
  `installation_type` varchar(20) DEFAULT NULL,
  `installation_preset_amount` varchar(50) DEFAULT NULL,
  `installation_custom_amount` varchar(50) DEFAULT NULL,
  `installation_cost_include_on_check_measure` tinyint(1) DEFAULT NULL,
  `installation_total_cost` varchar(50) DEFAULT NULL,
  `status` varchar(30) DEFAULT NULL,
  `count_additional` varchar(10) DEFAULT NULL,
  `freight_cost` varchar(50) DEFAULT NULL,
  `notes_manufacturer` text NOT NULL,
  `window_door_suite_manufacturer` varchar(128) NOT NULL,
  `quoted` tinyint(1) NOT NULL,
  `printed` tinyint(1) NOT NULL,
  `send_file_to_manufacturer` tinyint(1) NOT NULL,
  `ss_markup` varchar(30) DEFAULT NULL,
  `ss_markup_amount` varchar(30) DEFAULT NULL,
  `dg_markup` varchar(30) DEFAULT NULL,
  `dg_markup_amount` varchar(30) DEFAULT NULL,
  `fibr_markup` varchar(30) DEFAULT NULL,
  `fibr_markup_amount` varchar(30) DEFAULT NULL,
  `perf_markup` varchar(30) DEFAULT NULL,
  `perf_markup_amount` varchar(30) DEFAULT NULL,
  `discount` varchar(10) DEFAULT NULL,
  `discount_amount` varchar(30) DEFAULT NULL,
  `total_sell_price` varchar(30) DEFAULT NULL,
  `invoice_second_1_price` varchar(20) DEFAULT NULL,
  `invoice_second_1_description` varchar(50) DEFAULT NULL,
  `invoice_second_2_price` varchar(20) DEFAULT NULL,
  `invoice_second_2_description` varchar(50) DEFAULT NULL,
  `profit` varchar(30) DEFAULT NULL,
  `override_final_price` tinyint(1) DEFAULT NULL,
  `custom_quoted_amount` varchar(30) DEFAULT NULL,
  `role` varchar(50) DEFAULT NULL,
  `mfrole` varchar(50) DEFAULT NULL,
  `user_id` int(11) DEFAULT NULL,
  `created` datetime NOT NULL,
  `modified` datetime NOT NULL,
  PRIMARY KEY (`id`)
) ENGINE=MyISAM AUTO_INCREMENT=176 DEFAULT CHARSET=utf8;

/*Data for the table `quotes` */

insert  into `quotes`(`id`,`original_id`,`original_qid`,`required_date`,`orderin_date`,`notes`,`notes_customer`,`notes_installer`,`customer_name`,`mobile`,`phone`,`email`,`fax`,`street`,`suburb`,`postcode`,`state`,`standard`,`second_color_required`,`color1`,`color2`,`color3`,`color4`,`standard_color`,`color1_color`,`color2_color`,`color3_color`,`color4_color`,`installation_type`,`installation_preset_amount`,`installation_custom_amount`,`installation_cost_include_on_check_measure`,`installation_total_cost`,`status`,`count_additional`,`freight_cost`,`notes_manufacturer`,`window_door_suite_manufacturer`,`quoted`,`printed`,`send_file_to_manufacturer`,`ss_markup`,`ss_markup_amount`,`dg_markup`,`dg_markup_amount`,`fibr_markup`,`fibr_markup_amount`,`perf_markup`,`perf_markup_amount`,`discount`,`discount_amount`,`total_sell_price`,`invoice_second_1_price`,`invoice_second_1_description`,`invoice_second_2_price`,`invoice_second_2_description`,`profit`,`override_final_price`,`custom_quoted_amount`,`role`,`mfrole`,`user_id`,`created`,`modified`) values (167,NULL,NULL,'19/04/2017','14/04/2017','','','','Retail Test Order','','','','','','','','',1,1,0,0,0,0,'Woodland Grey','','','','','preset amount','50','0',0,'62','complete',NULL,'12','','',0,0,0,NULL,'0',NULL,'0',NULL,'0',NULL,'0','','0','114.62',NULL,NULL,NULL,NULL,'0',0,'','retailer',NULL,48,'2017-04-14 22:05:05','2017-04-14 22:25:17'),(172,NULL,NULL,'',NULL,'','','','','','','','','','','','',0,0,0,0,0,0,'','','','','','custom amount','0','',0,'0','complete',NULL,'','','',0,0,0,'','0','','0','','0','','0','','0','247.49',NULL,NULL,NULL,NULL,'0',0,'','manufacturer','distributor',47,'2017-04-29 21:56:08','2017-11-01 12:23:19'),(175,NULL,NULL,'01/11/2017','31/10/2017','','','','Test on pmwhls for pmmf','','','','','','','','',1,0,0,0,0,0,'Anodic Natural Matt','','','','','custom amount','0','',0,'0','in progress',NULL,'','','',0,0,0,'','0','','0','','0','','0','','0','265.46',NULL,NULL,NULL,NULL,'0',0,'','wholesaler','',52,'2017-10-31 10:28:29','2017-10-31 10:29:14');

/*Table structure for table `stockmetas` */

DROP TABLE IF EXISTS `stockmetas`;

CREATE TABLE `stockmetas` (
  `id` int(11) NOT NULL AUTO_INCREMENT,
  `metakey` varchar(250) NOT NULL,
  `metavalue` varchar(50) NOT NULL,
  `part_number` varchar(60) DEFAULT NULL,
  `type` varchar(20) DEFAULT NULL,
  `stock_id` int(11) DEFAULT NULL,
  `quote_id` int(11) NOT NULL,
  PRIMARY KEY (`id`)
) ENGINE=InnoDB AUTO_INCREMENT=192 DEFAULT CHARSET=utf8;

/*Data for the table `stockmetas` */

insert  into `stockmetas`(`id`,`metakey`,`metavalue`,`part_number`,`type`,`stock_id`,`quote_id`) values (155,'Sec Window Frame','',NULL,'frame',3,167),(156,'Window Crn stake 11mm','',NULL,'component',3,167),(157,'PVC L Seat','',NULL,'component',3,167),(158,'PVC Wedge','',NULL,'component',3,167),(159,'5.7mm Foam Spline 457m','',NULL,'component',3,167),(160,'S/Door Pet Mesh 915 x 30m','',NULL,'component',3,167),(172,'Sec Door Frame','',NULL,'frame',NULL,172),(173,'Door Crn stake','',NULL,'component',NULL,172),(174,'PVC L Seat','',NULL,'component',NULL,172),(175,'PVC Wedge','',NULL,'component',NULL,172),(176,'Single Lock','',NULL,'locks',NULL,172),(177,'Sec Window Frame','',NULL,'frame',NULL,172),(178,'Window Crn stake 11mm','',NULL,'component',NULL,172),(179,'PVC L Seat','',NULL,'component',NULL,172),(180,'PVC Wedge','',NULL,'component',NULL,172),(181,'Single Lock','',NULL,'locks',NULL,172),(187,'Sec Door Frame','',NULL,'frame',3,175),(188,'Door Crn stake','',NULL,'component',3,175),(189,'PVC L Seat','',NULL,'component',3,175),(190,'PVC Wedge','',NULL,'component',3,175),(191,'Trple Hngd','',NULL,'locks',3,175);

/*Table structure for table `stocks` */

DROP TABLE IF EXISTS `stocks`;

CREATE TABLE `stocks` (
  `id` int(11) NOT NULL AUTO_INCREMENT,
  `mf_id` int(11) NOT NULL,
  `status` varchar(10) NOT NULL,
  `created` datetime NOT NULL,
  PRIMARY KEY (`id`)
) ENGINE=InnoDB AUTO_INCREMENT=4 DEFAULT CHARSET=utf8;

/*Data for the table `stocks` */

insert  into `stocks`(`id`,`mf_id`,`status`,`created`) values (3,47,'active','2017-04-14 22:23:20');

/*Table structure for table `users` */

DROP TABLE IF EXISTS `users`;

CREATE TABLE `users` (
  `id` int(10) unsigned NOT NULL AUTO_INCREMENT,
  `username` varchar(50) DEFAULT NULL,
  `password` varchar(255) DEFAULT NULL,
  `firstname` varchar(50) DEFAULT NULL,
  `lastname` varchar(50) DEFAULT NULL,
  `role` varchar(20) DEFAULT NULL,
  `created` datetime DEFAULT NULL,
  `modified` datetime DEFAULT NULL,
  `email` varchar(100) NOT NULL DEFAULT '',
  `bank_name` varchar(50) DEFAULT NULL,
  `bank_account_name` varchar(100) DEFAULT NULL,
  `bsb` varchar(20) DEFAULT NULL,
  `bank_account_number` varchar(50) DEFAULT NULL,
  `deposit_percent` int(11) DEFAULT NULL,
  `discount` float NOT NULL,
  `parent_id` int(11) DEFAULT NULL,
  `parentusername` varchar(50) DEFAULT NULL,
  `avatar` longblob,
  PRIMARY KEY (`id`)
) ENGINE=InnoDB AUTO_INCREMENT=53 DEFAULT CHARSET=utf8;

/*Data for the table `users` */

insert  into `users`(`id`,`username`,`password`,`firstname`,`lastname`,`role`,`created`,`modified`,`email`,`bank_name`,`bank_account_name`,`bsb`,`bank_account_number`,`deposit_percent`,`discount`,`parent_id`,`parentusername`,`avatar`) values (1,'admin','$2y$10$12D7/XB.E3HcX7d1OaPyMueqYhoX8ERnQONl8Cr6pquuUwLw4dljm','Admin Name2','Admin last name2','admin','2016-03-08 00:00:00','2017-04-03 13:48:09','admin@pp.com','','','','',NULL,0,NULL,NULL,NULL),(46,'factory','$2y$10$Sairs5gwK.M4wErvjcWSV.UgeOBeu4T18JTZ1QEcrqi4Dj8RDKGbO','','','factory','2017-04-14 21:51:09','2017-04-14 21:51:09','pedram13@gmail.com',NULL,NULL,NULL,NULL,NULL,0,NULL,NULL,NULL),(47,'mf','$2y$10$HIpCWTq3grlV5/DPQxPjF.8KbIPIhu2wvOUcHLnvY.0ln0r0q8mxa','','','manufacturer','2017-04-14 21:51:57','2017-07-02 22:20:09','jelly.73.bean@gmail.com','btbt 2','','','',NULL,0,NULL,'','\0JFIF\0\0H\0H\0\0\0,Photoshop 3.0\08BIM\0\0\0\0\0\0H\0\0\0\0\0H\0\0\0\0\0Adobe\0d\0\0\0\0\03g\0\0\0\0US\0\0\0\0\0\0\0\0\0\0\0\0\0\0	\n\0\0\0\0\0\0\0\0\0\0\0\0	\0\n\0	u!\"\01A2#	QBa$3Rqb%C&4r\n5\'S6DTsEF7Gc(UVW\Zdte)8fu*9:HIJXYZghijvwxyz\0m!1\0\"AQ2aqB#Rb3	$Cr4%ScD&5T6Ed\'\nsFtUeuV7)\Z(GWf8vgwHXhx9IYiy*:JZjz\0\0\0?\0ߺ^׽u~{ߺI휁P7.\ZJ?)w>?_MK,p4TVo\'x]׺R^׺u{{^׺u{{^׺u{{^׺u{{^׺u{{^׺u{{^׺u{{^׺u{{^׺u{{^׺u{{^׺u{{^׺u{{^׺u{{^׺u{{^׺u{{^׺u{{^׺u{{^׺u{{^\\i:~kG6|fm%Ɠww@-[5NP\0O%URhRu\\?γ><\':N[rn[8̟kuo-ÒmI6GmOxnNŉfH\rm-/[tp>?glV{5YZʭTy)kf(%՘܍m];$^U׽u~{ߺ^׽u~{ߺ^׽u~{ߺ^׽u~{ߺ^׽u~{ߺ^׽u~{ߺ^׽u~{ߺ^׽u~{ߺ^׽u~{ߺ^׽u~{ߺ^׽u~{ߺ^׽u~{ߺ^׽u~{ߺ^׽u~{ߺ^׽u~{ߺ^׽u~{ߺ^׽u~{ߺ^׽u~kO?ػϣOMA.[	O&-bN\nf/cnCGMETRib^Am׺_hoCk}]ߟw`nste;|n>uYlZ\nxy3=usIҧrf0r5z\Zrqw7_\\?I\\C롑d?%hD׺_wة\Z_ >`nzw;h~/6yE:{jljq]{>\\.v ,sMhF\ZOu>]װ0ݓnn\n<}_bk⨗mnLMGdX,:LsMYEWSIWNRhexXt$^׺u{{^׺u{{^׺u{{^׺u{{^׺u{{^׺u{{^׺u{{^׺u{{^׺u{{^׺u{{^׺u{{^׺u{{^׺u{{^׺u{{^׺u{{^׺u{{^׺u{{^?\0._[j٫Eջpɾ\'aqټ>vfGՔ9}AO\ZAOL8ęik[\0\0֛֙Lgev!7;]9f^w^>\0\r-eۘMrɖSopjT*iB}:ʾY9ag齅n-7G0sdkU$PB	ꮪǦLo*z_Ns\ZMˍسr1$buckT?nca֢GO*_o;{\0\0ޫ\0	?2?S?hh(}~KRM`P/iu,?謄|_Ke/fVUHio}YɔOERl!t\ZA~X}Ź9{\"mwM.SXQ*5cC@N%)޽K{\Z3Mx\r1hMϺ\ZTluXm5#ҋuy\08f\0}\n?9[guz\0{߷\07b`z\0ߏtJtW?Un팄gen\rٳCӻ}U={pP+TU\n)qAPG-$g8\0-_hEԑ1Ph>f)ctT7vRx7WRMy#ILMDPMQ\0\00UڛΊ	$D7f%:3I[OG{Ϥ*ݞJ$8S4TfmY_niStw\'os,yGvKzunZvɮo`v~d(H!QAUH+G{.Yl{;ڬC\ZU,hjP/=r9Mpvf\'\n		f!Qv##,n|&/p$l^f>ibxj:Syb!\0$r,{T}BX\\Y(9G\0֌0EF\rE??N~>{2Tn^Iw&\r>6J|gA?eTB5P t,HlydܯwMݑapi([%@j<	Vb=WNr^_K~]TMqqm!n\"x9^HG*HEhhA\0Bʇ\'=\0C?^#ݿ\0?WegC/A9gL~bn檇la3{[2e%;ˍ¶RJHdxiڡe^B;W<ŷmhJ4EiZ.@g`]?S<7vW0;oq,5iҵ\Z`sF<gmrٛm[Sev/qXvy{(*ge&4}ccrv-#igC*CEt5Nzw\0u6Hqoz4`if3O:!e3E[\"*9\"T?9\0{uy\08f\0}L_\0s-:~97_,u\'Aw}vspn]:pbf8lՑӛI)A٦Ϝ]\rhZB>~}G6s(a\0SB1!,8SCVAz\Z,|7#8?6W[ǯ۩jEjݫp[s:WM4OUC)I\n1yek4\rX^7S*Èwr>۷X}Π+vOk,T+X0MzܿDw^|eߛ\0#7|fu;װ7%dyZ(qe!x>ۂJyY2RR\"RiiFhvf?秇hƦ\nG<=_;jŵ*QC2#3\0Ti;d@2s6{cRͺzַC18ܘ\Z-ǃ\n\\3!ҕT4OM<qEu\\ƈA*2<F*9wMmٷ{p6eWF\rHHGVZpJ~IWvUܵ\0f\"ؘm¶68lM~eF/MIlM\n+eԆi%ݬl,.%\"\nvҺR@\Zp*q|۴XG&ǳ<uaDJ\'xH5ɥ3ř661EVdiP`媬\Zx\0506#R0TI4Ϡmip\nFA\'GUm[6VG9A6ۻlW7;&t8ŷYMA$S	_D9*2>~c/ޭ&xheM<RѕD]szbn1\'ncqyLS!\rU7jGZ\r14LfTRMM	=],sVpi?^f+\Z\0I:Af&U,hR{g~ni\"I.$tőb422zp#\Z_6[{cFc{y:auTEWO{}ڈeQbb>}xq$Em(>GV7lw{hDsrZ;qrfXQLʿOgKn]Ǹ6l;sm7F>f~ک\rײhn+3pU#\r,1$,A܇|[j)rE$d3\'*+P	\0#ܽm޼;xE}g{s$h6m&avDFΨ̠bmzxm[&ڻ\r[gsm߀5{qm<6wt-N7/jcH* dX_7mWE<,\nPDA#t0><\0nNk3\\sG-,R$XuWHJ _*6pؿ%6GmfT;WgɎI`vUlݪrRBia1kMCmxgq9bExV4{c7]y̫|ٷ~pIЦ$T{7;׺Jߍ;?roLtk]eoK=>\'HBNjHuTKٞeY2O2xFN>v΋4A:Q*r:QY0.7QȞ޿ \r\rvQwfڻOq>q[yv_n*dTDM!n1$i%Yk&IoR	&^GOٹs\r[[KDC~4{{i4B/N&U\Zʎݝ_v7NfoVm꾡pv{y%1;kf++#QNeGnIJPx)*i1c}%KYUPE4u,RƲ*0\0j:./wcMMQ><6bw\0eustlRbosm޾ʊH2USȐGE?>U<w[1}upNJQ]KE7=Ww֌t2b2Cԝl|&\'?;|eSwEM;CmFC3ݝuYzn<<[r2-MGGꚦ\n9᪤*ZiRzzyex\')&){^;tww.ă{&t^v&ս/umո7YPeܦ}/Ľ3pRCJU}׺]_;3}vV_ovȏ$wLoXRVd6~7olߘFqī\ZZ<=1oUUaĒ:WU&vL5;_IӺhNo-\0m,d`$^|f;wfΛl\rٽzr]=w+yО<oano*-UI1s)N*}׺Nv\'m͍?6:;r_7ʞʗvsvOUߘmG$[fscjvO%%g{/zn\00\'>>:\0v|/nȷ}>f6l-GGo.\r9޴Xlf>9\Z$u3{tZͣ}9;&oάv\0m~z~1`>[_VmXj:vc08S\Z­TXt,/.ܹ\r\0~\"Gǌ/ZcocaAC:3)ݭ\nNÚhU	hk㤯{V׽u~{ߺAi_GgZ=M+U\re\\rtx<SVp248}ARK\"!Ky{kwy0HB\0Tf \0$\0${|s~ir[\"B\ZYdwrQD$;*F쪤k1;ov^ۘܳ`;?ܤ{o+Fxu6GcKWGquKKO$<3qBs	\nt!I\nYD4,POS}ǻ-{s/rF?WnhYf)&<yd(<I]Sݿ%o[벷lڻ]}پqd0ǥv`vF\0f팦npؚ߳r5**JT4K$3F21VVA<:f3ܴ?WP^]=w~[vs9{Ӷv\0T&ٱƥ4WҤ3g_ۻ33gtD۔Cubj6`|Kh}axmѹmU(ki)׺\0z.>OqQە97o}Y8V;]͐cj}׺MFO}`{lOV涎ťBnM]un6\r7oLNۙ8F#Kэ`?+c);7\'./k{~*[wGT]ۍ`ǓW1[c(؏T4y%4׺Kþ *ڙ\nZW\")ܝz+pev6_7/S6N_l⫪WҢH\'W6֛xTve&ku+;R`cԽ#xϞ-ͳ6]FGE3hOR,43O%:i{ơΑN9:Og%;lq\Z(2y!;J˔QǓۻ;9S+4Qol?4r6m6lAq5%NkQI{[7;2S:~j~Ǚ{y6=]>ܽصws44MLRtyQޕ}ACM;T\Zm٘h2؝ٴ\'7vnmTo^m׋LJJH׺XvN嶶gZt9U;xa؝ڛe=õcb7\r4<a=45/:4c{-~`;;cf6^%/Owvmڹ>uW]۵9cuYWJcN>ewkvlNʪ.ݘ͇X|*!z{|fpn$fe+stTBof(;rO5>+77yl=ܘnGbvV`pTv^e7m\Z`!ڨj/u޼=gn!}}sy{ru\\.e1X~dEN6ZDNT0CБ{{^׺u{{^׺u_ڸ}۰|6-vVw{fvǠ/Tjhe<=׺ћݟ&|#+;{tsy5ʜOrp?W숿Ra0\rÍe&L.&Wˏ[ZTj=V\rkϋ[g~_{gıdv&NevFVO%dcgmvNaڧݟw-pyf,>b^sW=\rͼ+\r8-~řIOh!&]?记qb&7En+:gbR=^k7,r\\Sn0y]Sȵ<BC?}˙6໓E-uQTs\Z|XѨ@\"~?w?{}+xݹz߾R !W!\Z-J̌A)*iFa,쎕ߑ;W\0/6ޓn|}C;3eTRpj\ZlIS&\r龰Z]NiBiONz{sԛjXSW>o:uoMav?\0D^~I[_*,<mQ\\uF-L]C@5\0[o\0_	<JS\Zk_^ݻP뇅!٬ĨoF<n\r6?v[>?\"?wnƏj\rc3:mLcI1t!&c;\nt%b-4\0J:i`_tӒZSHQsuՐ͡IܘO`U.{6{тj0΁:\n.9j|4oN[u.\"\nx|ԒW׸~~_ѤꦞT᧺ӚuoOi\\E}sܭmoW<_uSGFtT_ܧZ\09ӆd\"ja\Zr;Q%Aj#k/w/?[_T7u܆>=:/M=srKt>{Hc/QuQIl?\0Χbw2|_mNub$|U<I*WRVd\"HՀnn;&X0aJ,yӒ9oeۯb+oH^W :js\"Tֲʋ1o=KpV|a7.d`=d錔u4bWW\"xT]A>D\'r.!p3CM)##nvܧiܠx7H-vȦ-$VF+F89\0\'=\0bU},퉍ݫel[:٦Ԕ^AAOۀD-i8๚ S	E@83NH+_yAE;4v_y\\.MXixc=TNK~*\0+ۗmoL&\r_!2{c{F,SnTc \'UY52TI\r!8Ǚ9rq%W9W	R;{)OےЏs{+	mMг@Op7;dT$\".NZ@l%&GAk顬݆X\'VY#aTPsi*Զ,Y!/t9YW{*hA= \rv΍;Gmʏ8:i\\v:jc))Z%b,{ދx!͵\n^?\'wwz+y3F`\nщ9^뭁eml6Z<4&GcO9*(顑Vh؇\0ف7/[[Ƒ<p\"\0.˼o[q-H즌H1ֺ_OKo7=38]d(=lf3]f3jJL+dc/;U.]/ȑ^B]\\#QSϹ\07+Y#痯be\'_Q\Z;DąH*[C	?27h;_%\'a7D,Zo<^>Eㆂ9EJ*ZWXqTi5Fr#;̢}pQ0nU@h`\ZZ=vm6j9Bw۞ֹY9f%/37~Qvg=Mö{\Z>-v\Z]͒V5{l)XoF~rsa[ZR*XOjǛFY	6YZ\ZEk\Zj$+krX_\0UMCq\n:ܔ}[csW_>?iÝ])yLretػ*Gl}FICd	LoB@4\Zu(Lt;|qgglۗ2ч\nv6+a{{rL3jdKhb|\'>\'!v6+zmGg6CM=LRQ;W155qW~:G#e9z#eIFUa*DlA($UP]cGک=n\"lg孚\"\'rYckȒHDQ\Z)gR>\\3?TI9ߔFTiMύh%UL\r|a\\%qXVVM\\52pD5\nqVDIgt\'%[~Yh]!u2mM7PԬ.zkaڻ~IeUܻ<Qﬦ#\'=V=4\rSne1ݑk䥆|`͓We\0uN:RByG ĚV `({y\rT赒Ln/n+FDvV\r)vX\"l\\zc^l|s=6Vl\0UUmflE&7cM,3K5oO#JDǽZm%\ZJu)e\nh|o1csV[ۼ\\]=Պ7EҮHZGfjDfm_A5=]Gս{1,;lû6_nnm\r{Dy,fNKj8BR*{ԙ!`%C<NK)YAcZP@IŴrsO5n-\'vt)i|(\'II$2T$IdY`|	|/!|J:jLnN:sfzz<G.IdPy7q<\"1d`H}/O6ndE\Z1R\Z%TB@8Ķ\rocb0On֤{;p6-,tL,nUxh*[!7Q^Ň!O\"\"Uo.gӗ\"}^cJI*kj:(׺Gvσ˳QGIƈ[%ɋOV$9,RjĊ]@l\\.`u\nA\"9ۛlۭ$2WDztHPBhzӟ+wܝGZ:ڋ>+	_\ZJݛaNj\r%Gqt%p9AA5>߼~񷾳5@E(\\*]_HbTim\0*-n;b\\L.\"ݶxF`\\K\Z igAO?OkC; gvLf/{ｋ7&8=ԘXj}e]f7RHiĖ}4}MVfngb@,ƃc[~ݿ}n_E]E!$fe5\Z VfS|WHo;?н]֛K{/yn xד7__Ҷ1j:\'zՔSm|\\d];}38]W>a`fַaw\0]uN)6_=4r5U{uz\'\0SGun_>U:7E/NGz|o۔v|]dm~\Z8]>J4s,TueߍvO9-ǹ;C.]:/Y3o\\uil݃XJNgKSJajj^]z?M\0e|L뽯;rn̬l\rMczfߥ\\l<{tN7o\'ϐ=Ӷ6]9/m{\0z|N9߸Qsx%cS;3)S/W8^>\0래Q~}~A溰Td;vzEum_Eӱ;򖞖tcRcqtI[p7G_538u>_]3_->7v.!Uu_f̥vMfPS>RIjqUsAI$9wJf{wmݏ3oWXm0;|fbT;/MEQ$R.9Z{ON\'ζ6~.tB,٪ջk\']u}EPmzgm^dQtM]\\MTe/u]]x޽-*-힙_	v>Y\r{v%~תT*㧪eh`{K\r>\r7MPVu6]O`%\0E!1U-MTnv&̥PhiiZ)i=׺~{ߺ^׽tLqt\0dVoۘCiQov.w	E䧪Jf1*QCqx稒U猋,lk\rs:[H}5jb\\kU\"V9v%x6]k弎9#Ԭ<7Nm,؄jP8?dڸ,[C5?{7~.\rڛG\rmn^Û\0c|gdv4MYEtpU#ڷ=yEDH-$[*YD2JT	ͥN=e\'we4qo3v-a-,E<(//~.^E\'Nݩ	_z\06.\'{Sh{\r7r*87>Y_GluLI1A4P_@(?\\r7[y.%*(؀0bq_⿑l*{gv\0Ǻn}=wͩ[_%۽s3[av%=MتΝ˹2Ul[Aސ;\0Nt;=_q-PVe>5zq1yߛotuuBoXR,\0\"& ugsu.̓ASW|\0>6[tc:}Ϗ?V]q{>Slue;]^?=o4l&K+=ٜےm㴱۷*vV>z|cS1^\0!ڽߑew^ƪvq{bau/MGXGտz>xdz=7c介Yդ44th#X݅I;/7-\r]o㔟\04TPu]I=EQg;\'\'GV!6#QjcEe{;2{[e4-ۿJCi_#-f=ZiznhK\\G|y}׺߿c{nNύN+ݟ%ݏKџ~Oo߿-\0_^.UmAMqd1튛5Qþ\0-y\rq]vyAq!2`ghٹHbnK>^(2u{t?7\rU7\0?}-k?%:>|f_jufv\ZLs|*6ۻƚnRτ{7N{gzX:ner!ok>9ϗhzVKٝ>/隇jpcj٘엺G#߽*1(鎍;	.v~mڻmf:#\r<mϔw^䥫+?đ-m:W^OGj?ѝk\'vcz#\\|>Q6Ojg+3qؤR1&Jq9\ZjuwXWkuȜ&6GXS̻Z3{zvV{&M*XxOu7ɏ䝸~UoXwn{SwqDɗ͡.W~.ʇ0tt;f1MwɯVA\'ct?]ܛc+/rݙmu/vf\0Y>ch	-NbYW}^^׺u{{^׺u{\'V䧨MqH}]AGu>x|(/̞7H<,=omv_=_\rÃ,Cnڸ.RMBƓ,<ƦԂ+)aUALFۇ~f!1P>{υSm}\0}fƩԄ*xȊ6ǕgfQ$]LXԐTY=jجʕ㵄ͳ8$4*59,I<6?/LWIdm|ѭ]{C{?Y|ͥKnl\0U\'0;r<T\n2\Z	#q}孾\r0tq+\0 +CCt~s/nܱ{pUmt-dhdA,s	:V ^N\0	̍+ӱϣz//5\rWnSj۽7OVrcjhvߣ4AM$T;$x/m$#\'{V\n\">]={-){{͎/xжӷNLWmwK&DkT=.\0b_4A6^\0cΘ˳;`:@IWb~D))V#N3ĐԼY_aO*D\0\0jX_\rWȮ;\'ceƞ,nSwt/eۘzKݹ!]!x͟~7=7hGV\n?@Hk=F}pm.\ZMh$\"wX>f=$)ia\0eGNh&ie71i?Cd?Sʟg\0x\"\0\\mO2W++\'ƾ9z^26I]hwnͻVU\"+\0@~~ϧO?kFZרo-mxb?|?vӎ\0<ݗĬ\Z|INB\rfԓϰ?\0g3=O>@\0}ȩ;&Iz\0]6f8e~V}۷EYF\\Z2%|MRMIv$yegla[\\Q/vf2̄uo7|=_n64J,mb\05#+egH\0į3=m񯥶NۣvϾ3X\r%V3ץ~B1\n6-זey<VS4V -jǂp{2{W͵*vaY$&yCG΢f\03wg3+CfnN\0ۇw\0ژ*mۦyj&z\0-6C;%}=JHJn\\en;vF֌]%X84T9|G4{<WVܭIm[S4rIgy\"R26R+Pj[zkg٘,.goSfYJxK궶)27 zJ8Tyzϗ,7nwK),i\rA*HP\0pz1<-{K܅N;}l$i<htgz%ĂPykf|؛{Jt[;k7E=$ܴ|\n{T\"bQd&MEK*}`KX9mOTM\"Q+Z):KW|̞}Նsh3JuƨZH)yPUC\0إhH&(i)hO_%=<{CrHiXbRԅ $Mڀ7k46dWo\'bMOKT\0,rtWz>ݽej05Y\r/uښmn\\;.cmu\'3J)s8%\")HCFe%۾֛feR.WZ`*<{yϗnv|fXZM\'q$m9eM+QBk{rtZ>뾸X]֛Kn\"nyiqkli8j	2y^Q4IS1$omab|F4U2M\0s73o[5y>]}y0;8HS:UB\0.-`캝e<L+9sյ77x8MŵF#tX2W֒n6ium$`C+VR#e`# GNr0[r~m{_ƒpȏ<,mvRHgGD`UXOSc띑[/fuCQ;%Yocx\0J!Ƚ5*%vZ[Y[[F\"ƀEIh2NO<ɽYf\0s6ɻKyrg)W.cKHS(**\0=E񦃣;3:ecw_qW~鶴MᔣپwUؠi)##3pfj(49LMD>hngBeb>\'z(1AyЋ}þ-wKv4Z*BiYnLmgo\neK^-;S78ͥuQn*&V`uX:H汔X)+]zJV@u/VSn}q.\"h\\0WR1ZTI[BVmi7]prZ&UUKY@`сB0u;kqɩ{\'=SUTRtu!gRZqg֏V˟vݯVmz-`ZyQC=/;ocbo>ퟂ͙Id-S;|zl>&%5+W<4GJ_d˲$V\n4k9!@X\0\0J7n.n7\riݧs-bi$3I$xU6O$kpm<FgDnm6.;onbc	ٜ5$R HmK0ieȭ,t &+LV#)mݷ4[~K\nd3pb3\'ѨC&C`-6nNm\r2n<~l].:V&\ZxT8[yfKxc̔UP|\0yps͖q_\\ywq&cYvY\Z jwbƃEʎ\0g\0Ws\0)\0L?ʹ\0܎ں9V=).Qߕ<62cmc^FFBdgu\"HPE\0RRI1紺cgiYD)#38IUcZ@\"\0Pt\0E#m.ػwb,ػw/>fhjjWQM__<ttPԈ \"\Zzxq#ʥ5ݽܚ-aFFɢ4\'3Ѧǲ|Ǽm{jgݯn @$F!TT嘅QR\0OZEqw*he6<\\`v>Z\Z\"Mݘʾ߮\\}elBKF*ȓK\nem3[9|C؈\rZSU\';m72n~AlMd)4?%FC\"#i]2 [-z7=Om]:۹Xl]6v%M;|adl}όln\ZmIObyev}Է*]B=C\":o]ے9z=bY\"jedE)Fd`|gsEo;vvoYvFڨ7\'X.;wo?.~7Spz{#X6W+=ؘάl8>YmocgpY|Ԡە=k%FJ3\05׺Zl\'tm~MԻ;[{jlFv;eo{vm&>}k,!\Zl$sGjb7vnPe;)-{cn\'ln,}[ӭ0=қw/[&\r1Y	\'A=GS;|A\\lc2jpuwpVj|gS]x];+zmMYڛk##->>>=uu\01G\0~켵_tI;ظ>P7wmX|v{C峒MTUTT8c׺-_omACzwa6܃\':6_oP|.>讜n&mˋ3ۛrm$xau~cwT{Kd[Cil0d`s;~r71\n #*QL\0N/vWyd[qc}__&\rM\0t>:>n]KQCGRnk%^S5^v77Gv䢮[;q`3%[kvvodeO7qu/uaŽMGh:x-+)ǡzqڻ#nx!\'ػp9!]6ܛwz6~=Ż*9+AZ0){}\01gW4\'Dm>]:÷v<8ޝ;g;`~}eO.lm\\krb<ejbOu}齧{k\02$\\eu\r9wn_UMܻB6`ď\'c>FKin:pўv_;\r/L9v}LҋWhm76NGIk\'z[w!;ꓬ1\nZC=8{{sw~9;7;Gj]_qo\rEWE]ȩ#h]sCM3M\Zayv+˘̒c(9VpHCJ:}}w][;ܯ.Cp[$@į!D{.UNHJ1峿K=\rF|U⿉ͺ%5u^n<nX8mt!,<zZVHmur֑엋*ɯQ_U\'8.w݃c.lfZd]0Z[<\0WPPXZ_vWlC\rKQlLiv٧ܿ;gso-ҝ\0?kqCOij4I n >@⾌*??wm}u\rͭĖjJ:wtvb|cꟋ?Ǡu|<ǮxFm^g*^Ћqd۩\\cNOihXhz/H!GnQ?{*Δ]Siq_7ޝ]6+՝z;)GQU{~GOΫ7]қ\0>Ac8^e:mQ||ftf.ϱ;&(lnKOFj{SN{;g;~vvOl߰whocSaSPuF|E4rS18㎬t?7GQ+w?UwFժ잩|=9o+76Lew+7-V޸흫۸/\n{W\02if+\0WOv=6ޝ$3hi]s~`v])rMcd{tUt\0^|*YYl{;tukfG7ɌN+5z5;Xoq^Y+xmQ#Ɨ{K_]+j[~3ȣW\n%_:vx\0f9#Zk\0T}ߖ{w[}whņ7|dfqm\nic0}՞13nF;_ېTb=׺S.cn}^.u+w˜{v^.ޓ:.ml͑{61]pصtQUE41a?K~^߽]w_Ogۘݵ{W_?\"kou]9^v]ǎ)+ij{n2ψkn\n\\6w2HPw&S\'٘͒NupwN~llf9p9hj\'L}a{|_wv{]U_7Po^؝ܛgx|tUu><}9[TIUSW<祤*u˾owmO\\uwN۝3/KlZN{jv6;qQdp\nX%z\Z^Y1>N~7vfD>/Roܰ<n;3ݴ+׻Kc,V3ndcW<|M/TTtFkwW]y)nRfN_xvnom\\ARi2-ҷ>fwY?zo?_v>,g~ۛnkwF;6Ģ]Skmӏ_uU:[iN(a#yJ\0_+:;s ջWi.Ru6S鶵%eJә)_YqՕ^*wЗ]h>[m߆{>7Q\'sn<WoԲm^uF/=K}̓l^A/pb]6ٮ̾We&^\0ӛ6>NQv:ǴhߛwLvXl{Kfwaf>튟㘜\\S? ov_TVIs;5R:H3{sul}՛{enJZ\Zܕ{l䰹Zx\'#A4k#}׺=u~{ߺ^NkTkAe)x%bW>*#:`EH>hiv=oVkaGn=K\Zf;>ڔo7v6d+4)WJLҚ?uSvl芃>״h2?UojIz9iUTq\nra^VD(B|76~&C[FFJ_)GX$uǌ8?oѾӼ~o||xN|ߍ\06UF\0Fz]z!\Z5;}\0\r>:N={;m\rɒrN؟}F;rl~ܻ֧fc.YSEz\\M$t:f^{k0ڻ۾7|ٔxߐ%{}3!~p/wv]5\rۼMhPE^\0,\0L;Cmg0{rNՏ5?1Vtm؜hly1$URM5V2,J{t]B|i,Şuɚ;?{{#amI۴ysY|7ݝe1Z+=6OwjYW{Iɯ꟠>L}yĶO(>[a:^ڸo[Sc0qKdvN/U=g\\:i+\0qϘa5p;;[òCaa3}mڝV۳*oʴ2W\0!OX}[:C76ó:B:^?w&	Nu$[^Z5viA1&q^e:68`Pv\'omc쿋}]ٛ5}%뿇}Rw7tWo}꽍{v=EwA2?gA|3{vws2۸6?F?w|*һ;n,wk*\\P.Sl`)<ջW?s\\^h$RN[ \0O~HOu{^׺u{{^׺u{{^׺u{{^3јoڝUa1ݗ(+]}Yi\ZGZoL;ϸX\"h\"?w\0:r9۬u\\:J,:IS~vv\rNߪo_r]WF-Xc(m[|54t7$W?lg\'5z)\"T~.d?޺a}=e[$sΚx*J@3|cc?{Si/Iu>Sֹ\\\'^vxs՝{hgsnhTx1U9EYiA6mjl h8YI9bOǮn{>/&rH\0jG\ZCuDOh\n鮑ZtO*m/L|ꝍ7u켟om{[KS/>&bv9ozJ^o^o=39ML%sC+3GJ|=[;$p2ŽGJtnV#p)N~S6\\|u\rlIUСdg^wZ<V/Torn.N۫~V>莾\nȫ7z)I]rRtRUx]5}-glzG~?AgMunA=}>?c2Tt[}lo5.Cid(a=׺7[fewY?Ȭ\ZhV\'c|Шl\'r](nv\Zl+(dH*8Ouzhv^ݟ+;oߓݘЙo/˫\')>-dpTVWː;q\\D7]VW\0q[Cl.sǏ_ܹ>ڌ/}m{wUkn]S=FfJv+{sCTkvV73}?OG[m=GQShf7Ƚ붷%\n]OZ޳xci\r\"t?^\0[+^ޱNo]*A6ootmֽ_:qLľz\\G@C]Sbo^{ӯvvKV{t\\_?St/VM+nNKy.5^~CD{\rܿ\r+[67_hmGC5LƮ~쎊u]<3dw.cޙJ\r͎ܫ;w\nU^O\':B\\KcVߧ@~;}?pPb`\0ٝ36x]=\'09ZzouxTeEBw*cr=v:-?\\\0ڿ>xQu1k,):8\09{Q|8.aכ3xji~\'n?ݯ+7f]Y;7nKy6[r53ySt#/w=~Grb^qqޠrK7cڳw.ç߻qBoˑKUMCMbP{uf׺ _Vb:gwn6|;Gq]	]՛\rͣl.u<Cz7iq1͜o{t;}s	ԐYKt1^pji^Oﾛ\07ovs%\\\"a	%UPde\n٫I[\0	.v:\0wͷpuo6Giaڔl6ˏb%n(2%e=d\Zp#{[\0|{9JQѦxeG\ncu}9;hk/ڹfۤI;iٜ]jNRax-Oꏓ[wR>Q+h:mv}{n:xKi(RV*hEĬh	\0&*Mwu-Ӣ֊evhPWif|ǆn~77D|\0ڔMy:/wo\\n\rϹ$۵.g!ɗg,?噶{3no{k~a)e=y\'tu]ᶻ#~hvG{u̥&OMRQ3\rOND]M}񯧻\r۝}aAG~lװs)/n=gCp.2f7ľ.:Td:vQ([fK>Fo8,ۧVe3\'{/fb2&)ͻ\rlB{|	]3{qw>ΛkuOjm<@a\0 Oumhz_gɼ>ڙ]:ޝkKuRe2xSb ^\0_r6NWj|Z/\"wZ\0;#gvvwiu\0\r}*OCvf_w>\'Nftbbxiߔ{.uٸ-Iq,|V:{]Ntʟ}=Ezˡ[7MuvB5^_M~O|emÀt%1:jjB׺\'2};{6;G:elJnF뿐{WӚ.פw9Xj,esQgAGU\0.ف}#6\\o~\';:Wz\rv[ώ韚[b{!U*{lc\'!Y$i^\"$oU?,RVnUh:FɂOK@>N,Sd0.^\\Ro[;vIovN_o^g];\'lZc6f\"\rd9)Q301~Na޳)Qכ[hUlOڻ>TX)%lx:]䒥2Q^(;8{>9VAVC.ogmUKw_v4kp8qp=׺:{Oqgzhvv?@wo\0\\wJ\r,{+~F⻗;/z=كv5Gݕo*LyGL{t\\3_v2\0>No[ڛ+~0g=wO\0+ʾzN<Kh&YrT&F3\nz^y][^{877t|jϋ}u?vFbK?=+{\nG7ݸTҭoЃU|{-;w쾥)7gb:hu#oNnm;cApUԵx-R,tu!׺iW~2wf߹*_\ZD|uoyMKqn;/{%{7ɚ|jD/6W-j3/UU	{GG>E7zuo|\0\r~5~ȭ8|۴SKUaԴB	(Z1IՁ|Dʹ}=5Nvfkp3{_wovb\Z|[?}))&z:Y#7O~{ߺ^׽u~4f8Bq٪(2I\ny!fԴnnuL棹~\\|[z\';JzԻD{pM[76ޟ|U\\.R%e>HAFS?//ݑU3?OU~?33<v_)3TCb:hLqx׺1\0/OG>۹2taY[=huR|LIRRZF{u`66U#PNV\ZZYZ&gEcX^6ԏǺ33~g⵹KCnUIkI\0;\0}Ƌt_\rn`?\0~\0~{/\no\07^o0OxW7zc߼h߫G^B׿{[zL~1S4_}M޽\0=&\0?\Z/׾P\0xou^\0\0w\0ThA}\0(S7kI\0;\0}Ƌu\0){׵\0>E_:_\rn`?\0~\0~{/\no\07^o0OxW7zc߼h߫G^B׿{[zL~1S4_}M޽\0=&\0?\Z/׾P\0xou^\0\0w\0ThA}\0(S7kI\0;\0}Ƌu\0){׵\0>E_:_\rn`?\0~\0~{/\no\07^o0OxW7zc߼h߫G^B׿{[zL~1S4_}M޽\0=&\0?\Z/׾P\0xou^\0\0w\0ThA}\0(S7kI\0;\0}Ƌu\0){׵\0>E_:_\rn`?\0~\0~{/\no\07^o0OxW7zc߼h߫G^B׿{[zL~1S4_}M޽\0=&\0?\Z/׾P\0xou^\0\0w\0ThA}\0(S7kI\0;\0}Ƌu\0){׵\0>E_:_\rn`?\0~\0~{/\no\07^o0OxW7zc߼h߫G^B׿{[zL~1S4_}M޽\0=&\0?\Z/׾P\0xou^\0\0w\0ThA}\0(S7kI\0;\0}Ƌu\0){׵\0>E_:_\rn`?\0~\0~{/\no\07^o0OxW7zc߼h߫G^B׿{[zL~1S4_}M޽\0=&\0?\Z/׾P\0xou^\0\0w\0ThA}\0(S7kI\0;\0}Ƌu\0){׵\0>E_:_\rn`?\0~\0~{/\no\07^o0OxW7zc߼h߫G^B׿{[zL~1S4_}M޽\0=&\0?\Z/׾P\0xou^\0\0w\0ThA}\0(S7kI\0;\0}Ƌu\0){׵\0>E_:_\rn`?\0~\0~{/\no\07^o0OxW7zc߼h߫G^B׿{[zL~1S4_}M޽\0=&\0?\Z/׾P\0xou^\0\0w\0ThA}\0(S7kI\0;\0}Ƌu\0){׵\0>E_:_\rnN{{^׺u{;o{b$nM6g$T\Zj,f9#Hjf셣tf	(E^^֝u={XqB`&Zi֣9/Kx䖖ILGߺEø>Shwys~ݸ6n^띫t;v\'䳘ڸ1T<]B@#Yep5;Qlqmh($4&3ԅ~{[t?$mT-ˋxVTF)L#E,EHU?˳\0_S\0jpG\0@(\0G\0iy\0[6G\0\0;?S\0jpG\0@$~_[y旟d.\0#\0>N?f^\0G\0iy\0[6G\0\0;?S\0jpG\0@$~_[y旟d.\0#\0>N?f^\0G\0iy\0[6G\0\0;?S\0jpG\0@$~_[y旟d.\0#\0>N?f^\0G\0iy\0[6G\0\0;?S\0jpG\0@$~_[y旟d.\0#\0>N?f^\0G\0iy\0[D|9V~C?Tzz>/Q&dYIGj||t>\nxY%DDFf\n}N?f^\0G\0iy\0[ʟ偉[U!s=	\'VV\"ܙ>\r휧SM{\0~;v&Vb|Cshi1ZS\0jpG\0@$~_[y旟7s\'A~ί~nto}r[oo\0ޛNfzmq;9pfY2Wܧ\0LՏHW/?wFrnOn՗}O}6zYջ6ڣS}TvV>2y=\r[K*zS\0jpG\0@$~_[y旟3{n^s|LX>E|魒]aٺ)}h*z?2Ud\\٬2Q,F_SO׿m^Oi\0&n_n_\0::~nn댏JQp=c72qݾ\'2n({WqM,G_OM-I;\0隱\0\0={	j\0nTI_\'v\0ƌ[|UuOHtk35{\\](:upP*Ϳa/ܧ\0LՏHW/?wN\nz^tGzOoN뾫gmsx9:k6ݱ{B_|\nlddZOSO׿m^ns\0<uokt\':c.ʏzc|{>\rmI=s=EdwJm=VSIYX\0\0\0\0o5t~mO[c|Iz_\\\0ꝧ_(7ƼSWy\ZZF:\ZtIw)\05c\08#\0z?x/-\0sK}2[Ose_˽{`o޲q+^ڟ gz#.EqS2X\rfTX\0\0\0\0o5t4Vocf\Z>\Z[tO^[\\aԽSםƭn\Z6k\'1zJɋg;\0隱\0\0={	j\0n9 gCd{OĿ\"rS泥$o;\0R|dєq={Q_)>rc\\ꩵw)\05c\08#\0z?x/-\0sKѠEaOjmQ\"\0eΊZY[(:Lgpgggnfv̆3rdiqu0_Q;X\0\0\0\0o5t[ٵ6{>6czd*1;,6wWvFoϏ+򛊂p7n0SVµ0r3V??#\0_4\03\00,WHpx7o\rŹqȺ{GD?5w7\\;-jF4qK4X\0\0\0\0o5t;3tp\0/>_	\0hoѣ]e7V+/b6o`Kmi2LLE;\0隱\0\0={	j\0nOg?>X}{9?6ݵւ\nMC)h	{/)}qj鍵.nV-C%uDS4r3V??#\0_4\0#갟˖?:o奻Bm}릃蟊}gv,;>>xGQ\nOT?SO׿m^/S|TW0{P|p_̓5{1KaQC;ӕy|L^{6)i6U\"r3V??#\0_4\0X]o{˲pK5FC>,Vw.藸~ΩؘΪ=ۄ͊y5],cfxw)\05c\08#\0z?x/-\0sK-qFu.\';M|ٿ!?e>K׷*]vV;*+\r_e7ᯠ-\rl4RSO׿m^.JzoEsՐo^k=Uq86# YQ5D+4e7ܧ\0LՏHW/?wDgP)}o]o=ӽcW?]c{˺;PmR|[\r9nZ.ٚDJzdw)\05c\08#\0z?x/-\0sKs;;gqn鯌;eoˎ>AGؿs[{v;/.}6>!UTUO*36\Z	kS\0jpG\0@$~_[y旟ſ\0;{[xWl\\SQX`*}nLv.EvMf}MOouMUզ\"2r3V??#\0_4\0AuKz\'un_!п\rM]Ը퍶?hwWh&lQ˭yN\nJͿ%l5Xh]oܧ\0LՏHW/?wEꃰl֫A|8#>$Sǆjt\0_ozӶz^np՘&[GR8ң7Gy2X\0\0\0\0o5tfqÛd34=KF<mwTRd nL\Z6Nn޺5ӘC;/tqmӷ)+=4ue)S\0jpG\0@$~_[y旟u?;S]\n[vglnShv\\(Wvf?\r#,tmc{z\ZYi᫦_SO׿m^>\0ű7Z`>oZ>ɥ,[[\'/]%l7Ylߨ\n/llFj=N?f^\0G\0iy\0[]\"rS]m>oݏ]?lIވhuPQMKP{X\0\0\0\0o5t9\0]}?\'$7VY|OLNۣgٿhn}q[zPa\"պz\Zuj;\0隱\0\0={	j\0n7J?]wNv؟#vn6/v%ZCQXm.]:<_\rE`\n$;\0隱\0\0={	j\0n=0(]\0~N6fM\n?O̎9~XpXlWl<5uO_r3V??#\0_4\0YM|{L\0Ǵ:OČ뜆Kص2y_ۘYOclmSssTY\'CJzKw)\05c\08#\0z?x/-\0sK&}/wό>|fcf6l,ne8\rLغ\nȪҞ\'Iw)\05c\08#\0z?x/-\0sK3o\"XucG=9յ_k2$:ObYON|a\'3uk5%2}=Ur3V??#\0_4\0)<E*p}UY(?ܧwFScuoOmԃsv^a6~ģt9E>Z%=N?f^\0G\0iy\0[sޕ🞼QwU0mpQQ-ۛ<^\0MlX|sx+qu֟SO׿m^:B 6_ذm7`i\'|nꏎ5;<W^mVn25^^di\"ZHN?f^\0G\0iy\0[/{SRwV\0ozWn펿sz))v6n[/juiz˯k|L+6\nar5oIJSO׿m^߮\0nz\rF_q%0u*1-):}nOh=sZ;˔f=N?f^\0G\0iy\0[o/O~빻G	\0r{TnQIMnsv{_3vc\'gv#%m^Rl}4)w)\05c\08#\0z?x/-\0sK|k?iuOúIљ-۟ݻ!&7&kVzjmNҵ\'-Qcf<tfu(_S\0jpG\0@$~_[y旟:s(zOo-z֯5K 6Zkvdmպ:	{Gomrf/RMC<E$Kw)\05c\08#\0z?x/-\0sKѥ\0]\0?Gu\0X}X\0\0\0\0o5ul\0x?c\0Dw^߿ܧ\0LՏHW/?w^\0]\0?Gu\0X}X\0\0\0\0o5ul\0x?c\0Dw^߿ܧ\0LՏHW/?w^\0]\0?Gu\0X}X\0\0\0\0o5ul\0x?c\0Dw^߿ܧ\0LՏHW/?w^\0]\0?Gu\0X}X\0\0\0\0o5ul\0x?c\0Dw^߿ܧ\0LՏHW/?w^\0]\0?Gu\0X}X\0\0\0\0o5ul\0x?c\0Dw^߿ܧ\0LՏHW/?wGؓW{^׺u{{^׺u{{^׺u{{^׺u{{^׺$Ͽ_?ce7buv_:|e؍}_cɁկM@)%3]=׺P;;.tn?=\007mvƝ׵}\0}t\0#\\8k՛n9\nPѷ,@,*D8\02N8o.,!\ZGm ҈\Z($`xo.bct^v\0;Kw]VmnK&ۛ`iuVjL~W$d0uN~\0o\09<\0LV\0dw&zgzuK0ۻ_>i|rii9ԟs^9֡^9=y(16d]\rUU{\0G+ȟ{\0+w\0;i\07=ԙ_հۙ\0{\01kwNQxn8obc1:rՔcJ]V\0?׿<\0LV\0dwOoۇϙ?<TcvXﯕT߂_㼲yꝯ޹0TiT4q\0G+ȟ{\0+w\0;wCJ2\0{]p=7+>-?]6d\'ۃfɪ(2{rn\0I]qQED=k\0O=\0\0k@r\r~I/A.ݻ:Φ+7=\"@ϫ:QqdijjU߽v9[\0D\0?^1[־n_Ɏ?>kٺN.׽Y퍿0C\"1i)sCIQ\rU4Y޻_\0\"Py?_Be>5l\'6~w3=wrۗ=j6m[\'sYڬ=Fǚh_/Z\0G+ȟ{\0+w\0;C_ӫ]ƾ7l|?&26[wcm.荵\rI[qŹ:?krhf\0r\'\0\0_O|ua{vucm^c?.۔i~	|{qn{3Nݡɶ#qӊ24O~\0o\09{n\0Gq\0ZscwS\'+_k׿:\"}(wmo\\\0ܿe5~\0r\'\0\0D|\'}Ŝ\'[wC_fF&Nwv]|nw2qSmǡ\0/36⊓9K޻_\0\"Py?_\\7G\0PhE.=ڛo;LOsz̭Q򞛽,6Ϩ.oI=CF#~\0o\09{n\0Gq\0Z;~OuXlUG_|Go3ҝwNӏg\'}V;Knv\\R28lVSKjSGQYAU޻_\0\"Py?_D#!\rn\01OE$S2s~O6^Wca\'uk-M.[\r8ĂI*=k\0O=\0\0k?6nm>\rS|Tw\0~d6zqzkm}d?\rGo~QREym2㢢]V\0?׿<\0LV\0dw\Z۟~,??̧LÄ`u&sn\r,Wm|Bꯉu]\rWm5OjT:NLܕRW`5aej]V\0?׿<\0LV\0dwS\0wo\":Skvd\0\nmζ}seNX)~߹<4iJԕ.~}k\0O=\0\0k7+Uu7fa]#ٙ~\\zC[OoM.μ잲rR$Y+˫oSa%$\0r\'\0\0#nu/{:뜽ov\0.\rmN%ޔ<ݡc۸QZF˙O~\0o\09{n\0Gq\0Z{b|Z\09?Y{ꊍFI6~uҚ\rCC\\f}2)ڢF\0r\'\0\0]>G`v~=Wd7eLAvIm(`cg˲j^2?cjeJs\'޻_\0\"Py?_Dj/\0l8\'H7Gg*s?ú.\0Go~-_~O޻_\0\"Py?_AM./GczCpw>@)/?a\Z2t[?ӶK\0ӗ.~\'g[<>\0r\'\0\0\'vXo峊a77sc{֪bg)uߟ:(Tlʊ/0ܔP<q]V\0?׿<\0LV\0dw{|\0^\r_$\0QGB[:fu-+՝gT]Ϻr;opo۟z˕yTAD{\0G+ȟ{\0+w\0;k?ʿ.#ڼ~])7fC?(g9ڝClF/)di@\0r\'\0\0 vycyau]VߙߔG\noڽo0ņu|ze]>yĒc]V\0?׿<\0LV\0dw{#?\"tOew}%w~îv6?=魩;=U,[qeA4PPIK]V\0?׿<\0LV\0dws?/?7Hq|?\">7aE)Y^}&\'3+3˗hE-^2#T\0r\'\0\0e4;o}׿5:n:{~4Y+Gu\'oiǴw?afx,&࣫zmIX*]ꖾޕk\0O=\0\0k]	Yx_=ҵe^?̛;[\\uf3FM6lmMH0⨳ULaa+@\0r\'\0\0\0;{7mm?\\7=Wui34J\'U#4!l]V\0?׿<\0LV\0dwCӿ!7Wɽҹø7Fvya\"v-IɍnAsTAYk4ԔIzr\0~Ab#\0}(k~7-?\Z0.l`;{cf{#5.kzdq)ES)(`8|^\0r\'\0\0S6Oc[@?M>K\ZF[9l\rݵBOk\"M~)Z~\0o\09{n\0Gq\0Z&SvbvNvXvMQn_=;\'r]\\{Wޝ͓Y]Y9SckiMT\0r\'\0\04/8_{zWuVuF~ۓiF]˰F\'[]ݽԧ^TGI⭡0CMUzr\0~Ab#\0}>=ϗ}f;;>K~;s}l7>{#I7&[	w5mnÏUb4.3Փ{\0G+ȟ{\0+w\0;qP\0+=ٟf}%K?Au<T=۴;\0dom{\\oʮ{dRsu\\Tl\\ՕUs{\0G+ȟ{\0+w\0;ѝSտ{w\'n?/^!սA]kb-\r9	8M&obdtQUUgj*j~\0o\09{n\0Gq\0Z!4\0c].3iT-[c6uyK0yqu?}mQ&ՉbU^\0r\'\0\0jG|q?\026.Co6\'om_ffk|wV^}=]⻃)y)jDl7w,R)\ni@N3v˲[/_ZZK%KHPΊҵ\'}.y~\'h7SvGYΩt۬;s7,w=ՋK0cgKQr4\n$OD}Yu{{^׺u{{^׺u{{^׺u{{^׺u{{^׺u{{^׺u{{^׺u{Gc\0ofg.\0q\0\0?\0	3\0p|o\0_Gh|鱫Ŧ\"Վ4ϣ}[_>ףOjq^w\0\0\0`?ˇRC\0\0o:w\0\0\0`?c\\?^\0\0o:w\0\0\0`?c\\?^\0\0o:w\0\0\0`?c\\?^\0\0o:w\0\0\0`?c\\?^\0\0o:w\0\0\0`?c\\?^\0\0o:w\0\0\0`?c\\?^\0\0o:w\0\0\0`?c\\?^\0\0o:w\0\0\0`?c\\?^\0\0o:w\0\0\0`?c\\?^\0\0o:w\0\0\0`?c\\?^\0\0o:w\0\0\0`?c\\?^\0\0o:w\0\0\0`?c\\?^\0\0o:w\0\0\0`?c\\?^\0\0o:w\0\0\0`?c\\?^\0\0o:w\0\0\0`?c\\?^\0\0o:w\0\0\0`?c\\?^\0\0o:w\0\0\0`?c\\?^\0\0o:w\0\0\0`?c\\?^\0\0o:w\0\0\0`?c\\?^\0\0o:w\0\0\0`?c\\?^\0\0o:w\0\0\0`?c\\?^\0\0o:w\0\0\0`?c\\?^\0\0o:w\0\0\0`?c\\?^\0\0o:w\0\0\0`?c\\?^\0\0o:w\0\0\0`?c\\?^\0\0o:w\0\0\0`?c\\?^\0\0o:w\0\0\0`?c\\?^\0\0o:w\0\0\0`?c\\?^\0\0o:w\0\0\0`?c\\?^\0\0o:w\0\0\0`?c\\?^\0\0o:w\0\0\0`?c\\?^\0\0o:w\0\0\0`?c\\?^\0\0o:w\0\0\0`?c\\?^\0\0o:w\0\0\0`?c\\?^\0\0o:w\0\0\0`?c\\?^\0\0o:w\0\0\0`?c\\?^\0\0o:w\0\0\0`?c\\?^\0\0o:w\0\0\0`?c\\?^\0\0o:w\0\0\0`?c\\?^\0\0o:w\0\0\0`?c\\?^\0\0o:w\0\0\0`?c\\?^\0\0o:%w\0e\"\0FO~￹SO?ëףڻ/+~oN|\ZVsJZto??vx^<M\ZN:ыg{^׺u{{^׺u{{^׺u{'),(48,'re','$2y$10$qR3OUimO4eGMfKo3Yq5nBOAGG9G3f5/YFVq/8UIKbfgB/BPD3WCle','','','retailer','2017-04-14 22:00:09','2017-04-14 22:00:09','parham73_10@yahoo.com',NULL,NULL,NULL,NULL,NULL,0,47,'mf',NULL),(49,'inst','$2y$10$kkcb1D1bNvwIVcwiTJ11OuQ3JsiXNH1/xe5uWCkBdZo9VF/GHlpJy','','','installer','2017-04-14 22:01:02','2017-04-14 22:01:02','parham@apexwebdesign.com.au',NULL,NULL,NULL,NULL,NULL,0,47,'mf',NULL),(50,'whsl','$2y$10$soL1GeMoeIrxCg7jmqgaqOM20z6834vdNntLQ.DZu1Zvgb8ygcmk6','','','wholesaler','2017-04-29 18:32:04','2017-10-29 11:24:40','whsl@a.com',NULL,NULL,NULL,NULL,NULL,0,47,'mf',NULL),(51,'pmmf','$2y$10$OyiUhM9ANglLM8KlfDVbNOLhvMZqJKMykV1jZJLD31k/awsq.nwVe','Aaron','Conis','manufacturer','2017-10-31 10:19:50','2017-10-31 10:19:50','aaron@apexwebdesign.com.au',NULL,NULL,NULL,NULL,NULL,0,NULL,NULL,NULL),(52,'pmwhls','$2y$10$NKCzSxGA4gkTEgylIUPL1O3UY.3DXqhXifwn3fsTHkw8PF9oHhEmu','Aaron','Conis','wholesaler','2017-10-31 10:26:03','2017-10-31 10:26:03','aaron@apexwebdesign.com.au',NULL,NULL,NULL,NULL,NULL,0,51,'pmmf',NULL);

/*Table structure for table `users_parts` */

DROP TABLE IF EXISTS `users_parts`;

CREATE TABLE `users_parts` (
  `id` int(11) NOT NULL AUTO_INCREMENT,
  `buy_price_include_GST` float DEFAULT NULL,
  `mark_up` float DEFAULT NULL,
  `marked_up` float DEFAULT NULL,
  `price_per_unit` float DEFAULT NULL,
  `description` varchar(500) DEFAULT NULL,
  `user_id` int(11) NOT NULL,
  `part_id` int(11) NOT NULL,
  PRIMARY KEY (`id`)
) ENGINE=InnoDB AUTO_INCREMENT=174 DEFAULT CHARSET=utf8;

/*Data for the table `users_parts` */

insert  into `users_parts`(`id`,`buy_price_include_GST`,`mark_up`,`marked_up`,`price_per_unit`,`description`,`user_id`,`part_id`) values (88,6,50,50,2.05,NULL,47,12),(89,5.2,50,50,1.77,NULL,47,13),(90,5.64,50,50,1.92,NULL,47,14),(91,6.8,50,50,2.32,NULL,47,15),(92,15.5,40,40,3.34,NULL,47,16),(93,25.26,30,30,5.21,NULL,47,17),(94,5.91,50,50,2.01,NULL,47,18),(95,11,30,30,2.8,NULL,47,19),(96,9.7,40,13.58,2.09,'Test dsdsac 2',47,20),(97,18,30,23.4,4.33,NULL,47,21),(98,21.15,30,30,5.09,NULL,47,22),(99,9.2,200,200,6.57,NULL,47,23),(100,6.3,60,60,2.4,NULL,47,24),(101,16.5,40,40,3.55,NULL,47,26),(102,8.08,50,50,2.42,NULL,47,27),(103,8.16,50,50,2.45,NULL,47,28),(104,21.35,100,100,42.7,NULL,47,29),(105,6.5,0,0,6.5,NULL,47,30),(106,48.69,45,45,70.6,NULL,47,31),(107,73.85,30,30,96.01,NULL,47,32),(108,16.5,40,40,3.55,NULL,47,33),(109,75.6,NULL,NULL,75.6,NULL,47,34),(110,68.45,10,10,82.82,NULL,47,35),(111,19.56,10,10,21.51,NULL,47,36),(112,39.03,10,10,7.16,NULL,47,37),(113,22.56,10,10,4.14,NULL,47,38),(114,27.78,10,10,5.09,NULL,47,39),(115,29.3,10,10,5.37,NULL,47,40),(116,15.98,10,10,2.93,NULL,47,41),(117,6.73,10,10,1.48,NULL,47,42),(118,0.63,10,10,0.69,NULL,47,43),(119,0.46,10,10,0.51,NULL,47,44),(120,10.67,10,10,3.79,NULL,47,45),(121,237.46,NULL,NULL,2.37,NULL,47,46),(122,422.14,10,10,4.69,NULL,47,47),(123,1.14,10,10,1.26,NULL,47,48),(124,9.59,10,10,10.55,NULL,47,49),(125,0.1,10,0.11,0.11,NULL,47,50),(126,0.16,10,10,0.18,NULL,47,51),(127,2.15,NULL,NULL,2.15,NULL,47,52),(128,23.74,NULL,NULL,23.74,NULL,47,53),(129,66.34,NULL,NULL,66.34,NULL,47,54),(130,66.34,NULL,NULL,66.34,NULL,47,55),(131,6,50,50,2.05,NULL,51,12),(132,5.2,50,50,1.77,NULL,51,13),(133,5.64,50,50,1.92,NULL,51,14),(134,6.8,50,50,2.32,NULL,51,15),(135,15.5,40,40,3.34,NULL,51,16),(136,25.26,30,30,5.21,NULL,51,17),(137,5.91,50,50,2.01,NULL,51,18),(138,11,30,30,2.8,NULL,51,19),(139,9.7,40,40,2.09,NULL,51,20),(140,18,30,30,4.33,NULL,51,21),(141,21.15,30,30,5.09,NULL,51,22),(142,9.2,200,200,6.57,NULL,51,23),(143,6.3,60,60,2.4,NULL,51,24),(144,16.5,40,40,3.55,NULL,51,26),(145,8.08,50,50,2.42,NULL,51,27),(146,8.16,50,50,2.45,NULL,51,28),(147,21.35,100,100,42.7,NULL,51,29),(148,6.5,0,0,6.5,NULL,51,30),(149,48.69,45,45,70.6,NULL,51,31),(150,73.85,30,30,96.01,NULL,51,32),(151,16.5,40,40,3.55,NULL,51,33),(152,75.6,NULL,NULL,75.6,NULL,51,34),(153,68.45,10,10,82.82,NULL,51,35),(154,19.56,10,10,21.51,NULL,51,36),(155,39.03,10,10,7.16,NULL,51,37),(156,22.56,10,10,4.14,NULL,51,38),(157,27.78,10,10,5.09,NULL,51,39),(158,29.3,10,10,5.37,NULL,51,40),(159,15.98,10,10,2.93,NULL,51,41),(160,6.73,10,10,1.48,NULL,51,42),(161,0.63,10,10,0.69,NULL,51,43),(162,0.46,10,10,0.51,NULL,51,44),(163,10.67,10,10,3.79,NULL,51,45),(164,237.46,NULL,NULL,2.37,NULL,51,46),(165,422.14,10,10,4.69,NULL,51,47),(166,1.14,10,10,1.26,NULL,51,48),(167,9.59,10,10,10.55,NULL,51,49),(168,0.1,10,10,0.11,NULL,51,50),(169,0.16,10,10,0.18,NULL,51,51),(170,2.15,NULL,NULL,2.15,NULL,51,52),(171,23.74,NULL,NULL,23.74,NULL,51,53),(172,66.34,NULL,NULL,66.34,NULL,51,54),(173,66.34,NULL,NULL,66.34,NULL,51,55);

/*Table structure for table `wp_additional_accessory` */

DROP TABLE IF EXISTS `wp_additional_accessory`;

CREATE TABLE `wp_additional_accessory` (
  `id` int(11) NOT NULL,
  `name` varchar(50) DEFAULT NULL,
  `type` varchar(50) DEFAULT NULL,
  `price` varchar(20) DEFAULT NULL
) ENGINE=MyISAM DEFAULT CHARSET=utf8;

/*Data for the table `wp_additional_accessory` */

insert  into `wp_additional_accessory`(`id`,`name`,`type`,`price`) values (1,'HD2 Flat Interlock','Additional','2.73'),(2,'HD3 3mm Offset Interlock','Additional','2.36'),(3,'HD10 7mm Offset Interlock','Additional','2.56'),(4,'HD9 Frame Interlock','Additional','3.09'),(5,'ST9 Reciever Channel','Additional','4.77'),(6,'BS2 Bug Strip','Additional','2.69'),(7,'Stop Bead','Additional','4.31'),(8,'20 X 12mm Trim Angle','Additional','2.98'),(9,'HD15 Short Leg Reveal','Additional','6.67'),(10,'HD16 Long Leg Reveal','Additional','7.83'),(11,'TM18 Offset T-Mullion','Additional','4.36'),(12,'ST11-Bottom Runner','Additional','3.00'),(13,'ST7 Security Door Track-H','Additional','5.08'),(14,'ST8 Bottom Sliding Track-U','Additional','5.08'),(15,'L3455 Single Top Track','Additional','3.23'),(16,'L3454 Single Bottom Track','Additional','3.26'),(18,'Flush Bolt Dble Sec Door','Accessory','14.64'),(19,'Door Closer Hinged Black','Accessory','9.46'),(31,'Sm Pet Door 240mm X 190mm','Accessory','53.56'),(30,'Lrge Pet Door 400mm X 260mm','Accessory','81.23'),(33,'Med Pet Door 305mm x 225mm','Accessory','79.21'),(34,'Sml Pet Door 240mm x 190mm','Accessory','70.90');

/*Table structure for table `wp_commentmeta` */

DROP TABLE IF EXISTS `wp_commentmeta`;

CREATE TABLE `wp_commentmeta` (
  `meta_id` bigint(20) unsigned NOT NULL,
  `comment_id` bigint(20) unsigned NOT NULL DEFAULT '0',
  `meta_key` varchar(255) DEFAULT NULL,
  `meta_value` longtext
) ENGINE=MyISAM DEFAULT CHARSET=utf8;

/*Data for the table `wp_commentmeta` */

/*Table structure for table `wp_comments` */

DROP TABLE IF EXISTS `wp_comments`;

CREATE TABLE `wp_comments` (
  `comment_ID` bigint(20) unsigned NOT NULL,
  `comment_post_ID` bigint(20) unsigned NOT NULL DEFAULT '0',
  `comment_author` tinytext NOT NULL,
  `comment_author_email` varchar(100) NOT NULL DEFAULT '',
  `comment_author_url` varchar(200) NOT NULL DEFAULT '',
  `comment_author_IP` varchar(100) NOT NULL DEFAULT '',
  `comment_date` datetime NOT NULL DEFAULT '0000-00-00 00:00:00',
  `comment_date_gmt` datetime NOT NULL DEFAULT '0000-00-00 00:00:00',
  `comment_content` text NOT NULL,
  `comment_karma` int(11) NOT NULL DEFAULT '0',
  `comment_approved` varchar(20) NOT NULL DEFAULT '1',
  `comment_agent` varchar(255) NOT NULL DEFAULT '',
  `comment_type` varchar(20) NOT NULL DEFAULT '',
  `comment_parent` bigint(20) unsigned NOT NULL DEFAULT '0',
  `user_id` bigint(20) unsigned NOT NULL DEFAULT '0'
) ENGINE=MyISAM DEFAULT CHARSET=utf8;

/*Data for the table `wp_comments` */

/*Table structure for table `wp_dropdowns` */

DROP TABLE IF EXISTS `wp_dropdowns`;

CREATE TABLE `wp_dropdowns` (
  `id` int(11) NOT NULL AUTO_INCREMENT,
  `name` text NOT NULL,
  `type` text NOT NULL,
  `manual_sort` int(11) NOT NULL,
  PRIMARY KEY (`id`)
) ENGINE=MyISAM AUTO_INCREMENT=566 DEFAULT CHARSET=utf8;

/*Data for the table `wp_dropdowns` */

insert  into `wp_dropdowns`(`id`,`name`,`type`,`manual_sort`) values (366,'SD-OXX,XXO LL','Door Configuration',20),(303,'Australian Cedar','Color 4',0),(306,'Bush Cherry','Color 4',0),(307,'Casuarina','Color 4',0),(308,'Chestnut','Color 4',0),(309,'Jarrah','Color 4',0),(310,'Rosewood','Color 4',0),(311,'Silky Oak','Color 4',0),(312,'Snow Gum','Color 4',0),(313,'Walnut Burl','Color 4',0),(314,'Western Red Cedar','Color 4',0),(365,'SD-OXX,XXO RL','Door Configuration',19),(364,'SD-OXXO LL','Door Configuration',18),(363,'SD-OXXO RL','Door Configuration',17),(362,'SD-XXXXO','Door Configuration',16),(357,'SD-OXXX','Door Configuration',11),(361,'SD-XXXO','Door Configuration',15),(336,'HD-Open Out-L Hng','Door Configuration',1),(337,'HD-Open Out-R Hng','Door Configuration',2),(338,'HD-Open In-L Hng','Door Configuration',3),(339,'HD-Open In-R Hng','Door Configuration',4),(340,'DBL-HD-OpOut Bolt L','Door Configuration',5),(341,'DBL-HD-OpOut Bolt R','Door Configuration',6),(342,'DBL-HD-OpIn Bolt L','Door Configuration',7),(343,'DBL-HD-OpIn Bolt R','Door Configuration',8),(367,'SD-OXXX,XXXO RL','Door Configuration',21),(358,'SD-OXXXX','Door Configuration',12),(355,'SD-OX','Door Configuration',9),(356,'SD-OXX','Door Configuration',10),(359,'SD-XO','Door Configuration',13),(360,'SD-XXO','Door Configuration',14),(549,'Pearl White','Standard Color',0),(369,'SD-OXXX,XXXO LL','Door Configuration',22),(370,' SD-XX','Door Configuration',23),(548,'Woodland Grey','Standard Color',0),(547,'White Birch','Standard Color',0),(540,'Deep Ocean','Standard Color',0),(546,'Stone Beige','Standard Color',0),(545,'Primrose','Standard Color',0),(544,'Mill Finish','Standard Color',0),(543,'Light Bronze','Standard Color',0),(542,'Clear 15um','Standard Color',0),(541,'Custom Black','Standard Color',0),(537,'Awning','Door Configuration',0),(550,'Darley Woodgrain','Color 4',0),(385,'Almond Ivory Gloss MD016A','Color 1',0),(386,'Anodic Bronze Satin MY125A','Color 1',0),(387,'Anodic Clear Matt MY221A','Color 1',0),(388,'Anodic Dark Grey GL213A','Color 1',0),(389,'Anodic French Champagne Matt GX207c','Color 1',0),(563,'Sec Slide-3 Panel','Door Configuration',0),(391,'Anodic Off White Matt MD227A','Color 1',0),(392,'Anodic Silver Grey Matt ML212A','Color 1',0),(393,'Apo Grey Satin 272-32786','Color 1',0),(394,'Apo Grey Satin ML183A','Color 1',0),(395,'Arrowhead Gloss ML066A','Color 1',0),(396,'Azure Grey Satin 272-36603','Color 1',0),(397,'Barley Gloss 984-50058','Color 1',0),(398,'Barley Gloss MD007A','Color 1',0),(399,'Barrister White Satin 272-84672','Color 1',0),(400,'Berry Grey Gloss 272-7252G','Color 1',0),(401,'Berry Grey Satin 272-88362','Color 1',0),(402,'Bright White Gloss MA030A','Color 1',0),(403,'Charcoal Gloss ML035A','Color 1',0),(404,'Charcoal Satin ML180A','Color 1',0),(405,'Citi Pearl Matt 272-88471','Color 1',0),(406,'Claret Satin MG142A','Color 1',0),(407,'Custom Black Matt MN248A','Color 1',0),(408,'Doeskin Satin MD188A','Color 1',0),(409,'Excel Basalt Matt GP208A','Color 1',0),(410,'Excel Blue Ridge Matt MJ221A','Color 1',0),(411,'Excel Blue Ridge Satin GQ121A','Color 1',0),(412,'Excel Bushland Matt MK203A','Color 1',0),(413,'Excel Bushland Satin GS103A','Color 1',0),(414,'Excel Classic Cream Matt MD245A','Color 1',0),(415,'Excel Classic Cream Satin GU145A','Color 1',0),(416,'Excel Cottage Green Matt MK274A','Color 1',0),(417,'Excel Cottage Green Satin GS174A','Color 1',0),(418,'Excel Cove Matt GD247A','Color 1',0),(419,'Excel Deep Ocean Matt MJ201A','Color 1',0),(420,'Excel Deep Ocean Satin GQ103A','Color 1',0),(421,'Excel Dune Matt ML252A','Color 1',0),(422,'Excel Dune Satin GP152A','Color 1',0),(423,'Excel Estate Matt MM247A','Color 1',0),(424,'Excel Evening Haze Matt GM235A','Color 1',0),(425,'Excel Evening Haze Satin GT135A','Color 1',0),(426,'Excel Gully Matt ','Color 1',0),(427,'Excel Harvest Matt MD215A','Color 1',0),(428,'Excel Headland Matt Mg219a','Color 1',0),(429,'Excel Headland Satin GV119A','Color 1',0),(430,'Excel Ironstone Matt Ml236a','Color 1',0),(431,'Excel Ironstone Satin GP136A','Color 1',0),(432,'Excel Jasper Matt Mm214a','Color 1',0),(433,'Excel Jasper Satin GT114A','Color 1',0),(434,'Excel Loft Matt GM236A','Color 1',0),(435,'Excel Loft Satin GT136A','Color 1',0),(436,'Excel Mangrove Matt GK277A','Color 1',0),(437,'Excel Manor Red Matt Mg262a','Color 1',0),(438,'Excel Manor Red Satin GV162A','Color 1',0),(439,'Excel Monument Matt GL229A','Color 1',0),(551,'Ultra Silver','Color 1',0),(441,'Excel Night Sky Matt Mn231a','Color 1',0),(442,'Excel Night Sky Satin GN121A','Color 1',0),(443,'Excel Pale Eucalypt Matt Mk236a','Color 1',0),(444,'Excel Pale Eucalypt Satin GS136A','Color 1',0),(445,'Excel Paperbark Matt Md214a','Color 1',0),(446,'Excel Paperbark Satin GU114A','Color 1',0),(447,'Excel Riversand Matt Mm204a','Color 1',0),(448,'Excel Sandbank Satin GT116A','Color 1',0),(449,'Excel Shale Grey Matt Ml284a','Color 1',0),(450,'Excel Shale Grey Satin GP184A','Color 1',0),(451,'Excel Surfmist Matt Ma236a','Color 1',0),(452,'Excel Surfmist Satin GB136A','Color 1',0),(534,'Anodic Natural Matt','Standard Color',0),(454,'Excel Wallaby Matt','Color 1',0),(455,'Excel Wilderness Matt Mk289a','Color 1',0),(456,'Excel Wilderness Satin GS189A','Color 1',0),(457,'Excel Windspray Matt Ml266a','Color 1',0),(458,'Excel Windspray Satin GP166A','Color 1',0),(459,'Excel Woodland Grey Matt Ml205a','Color 1',0),(460,'Excel Woodland Grey Satin GP105A','Color 1',0),(461,'Hawthorn Green Gloss Mk030a','Color 1',0),(462,'Heritage Green Gloss Mk044a','Color 1',0),(463,'Horizon Blue Gloss 272-33344','Color 1',0),(464,'Hunter Red Satin 272-84209','Color 1',0),(465,'Ivory Coast Gloss 984-82063','Color 1',0),(466,'Light Grey Gloss 984-32519','Color 1',0),(467,'Magnolia Gloss 272-32658','Color 1',0),(468,'Metropolis Bronze Pearl Matt 272-59003','Color 1',0),(469,'Metropolis Silver Glo Pearl Gloss 272-84623','Color 1',0),(470,'Metropolis Storm Pearl Satin 272-84684','Color 1',0),(471,'Navy Gloss Mjo11a','Color 1',0),(472,'New Hammersley Brown Satin 272-84657','Color 1',0),(473,'Notre Dame Gloss Ml040a','Color 1',0),(474,'Pottery Satin Mm175a','Color 1',0),(475,'Precious Bronze Pearl Satin 900-94686','Color 1',0),(476,'Precious Nickel Pearl Matt 272-88360','Color 1',0),(477,'Precious Onyx Pearl Gloss 272-52052','Color 1',0),(478,'Precious Pewter Pearl Satin 272-88202','Color 1',0),(479,'Precious Silver Pearl Satin 272-57225','Color 1',0),(480,'Regency Grey Matt 272-50278','Color 1',0),(481,'Rivergum Gloss Md042a','Color 1',0),(482,'Roseberry Grey Gloss Ml015a','Color 1',0),(483,'Stone Beige Matt 272-32538','Color 1',0),(484,'Vivica Black Onyx Gloss My042a','Color 1',0),(485,'Vivica Charcoal Metallic Gloss Mm019a','Color 1',0),(486,'Vivica Citi Low Sheen Ml211a','Color 1',0),(487,'Vivica Citi Matt Ml211a','Color 1',0),(488,'Vivica Palladium Silver Satin My184c','Color 1',0),(489,'Vivica Stormfront Matt Ml249a','Color 1',0),(490,'Vivica Ultra Silver Gloss My070a','Color 1',0),(491,'Wedgewood Satin Mj180a','Color 1',0),(492,'White Satin Ma124a','Color 1',0),(493,'Admiralty Grey Satin 961-51017','Color 2',0),(494,'Aubergine Satin 272-84736','Color 2',0),(495,'Eternity Bronze Pearl Satin 900-88393','Color 2',0),(496,'Eternity Charcoal Pearl Satin 900-88394','Color 2',0),(497,'Eternity Nickle Pearl Matt 900-88395','Color 2',0),(498,'Eternity Pewter Pearl Satin 900-88396','Color 2',0),(499,'Eternity Silver Pearl Satin 900-88397','Color 2',0),(500,'Lunar Eclipse Satin 900-87734','Color 2',0),(501,'Lunar Grey Matt 900-88417','Color 2',0),(502,'Lunar White Gloss 900-87731','Color 2',0),(503,'Off White Satin 272-33732','Color 2',0),(504,'Precious Gold Pearl Satin 272-96604','Color 2',0),(505,'Precious Steel Pearl Satin 272-57127','Color 2',0),(506,'Ultriva Bronze Pearl Matt','Color 2',0),(507,'Ultriva Champagne Pearl Matt','Color 2',0),(508,'Ultriva Charcoal Matt','Color 2',0),(509,'Ultriva Charcoal Pearl Matt','Color 2',0),(510,'Ultriva Citi Pearl Matt','Color 2',0),(511,'Ultriva Silver Pearl Low Sheen Yy230a','Color 2',0),(512,'Vivica Asteroid Mn271a see Sable','Color 2',0),(513,'Vivica Brilliance Ml277a see Sable','Color 2',0),(514,'Ultriva Anodic Natural Matt','Color 3',0),(515,'Ultriva Anodic Stella Bronze Matt','Color 3',0),(516,'Ultriva Black Pearl Matt','Color 3',0),(517,'Ultriva Deep Ocean Matt','Color 3',0),(518,'Ultriva Driftwood Matt','Color 3',0),(519,'Ultriva Ebony Matt','Color 3',0),(520,'Ultriva Gold Pearl Matt','Color 3',0),(521,'Ultriva Luxe Bronze Pearl Matt','Color 3',0),(522,'Ultriva Nobel Silver Pearl Satin','Color 3',0),(523,'Ultriva Olde Pewter Matt','Color 3',0),(524,'Ultriva Pearl White Gloss','Color 3',0),(525,'Ultriva Primrose Gloss','Color 3',0),(526,'Ultriva Silver Pearl Matt','Color 3',0),(533,'Access Window','Door Configuration',0),(530,'Double Hung','Door Configuration',0),(531,'OXO','Door Configuration',0),(532,'XOX','Door Configuration',0),(539,'Precious Champagne Kinetic (A&L)','Color 2',0),(562,'Sec Slide-2 Panel','Door Configuration',0),(555,'Pottery','Color 1',0),(556,'Stromboli Satin GK148A','Color 2',0),(557,'DO NOT BUILD YET','Door Configuration',0),(558,'Louvres','Door Configuration',0),(564,'Sec Slide-4 Panel','Door Configuration',0),(565,'Sec Slide-5 Panel','Door Configuration',0);

/*Table structure for table `wp_mastercalculator` */

DROP TABLE IF EXISTS `wp_mastercalculator`;

CREATE TABLE `wp_mastercalculator` (
  `id` int(11) NOT NULL AUTO_INCREMENT,
  `mc_lo_list_1` varchar(20) DEFAULT NULL,
  `mc_lo_list_2` varchar(20) DEFAULT NULL,
  `mc_lo_list_3` varchar(20) DEFAULT NULL,
  `mc_lm_r_list_1` varchar(20) DEFAULT NULL,
  `mc_lm_r_list_2` varchar(20) DEFAULT NULL,
  `mc_lm_r_list_3` varchar(20) DEFAULT NULL,
  `mc_lm_r_list_4` varchar(20) DEFAULT NULL,
  `mc_lm_r_list_5` varchar(20) DEFAULT NULL,
  `mc_lm_r_list_6` varchar(20) DEFAULT NULL,
  `mc_lm_t_list_1` varchar(20) DEFAULT NULL,
  `mc_lm_t_list_2` varchar(20) DEFAULT NULL,
  `mc_lm_t_list_3` varchar(20) DEFAULT NULL,
  `mc_lm_t_list_4` varchar(20) DEFAULT NULL,
  `mc_lm_t_list_5` varchar(20) DEFAULT NULL,
  `mc_lm_t_list_6` varchar(20) DEFAULT NULL,
  `mc_lm_m_list_1` varchar(20) DEFAULT NULL,
  `mc_lm_m_list_2` varchar(20) DEFAULT NULL,
  `mc_lm_m_list_3` varchar(20) DEFAULT NULL,
  `mc_lm_m_list_4` varchar(20) DEFAULT NULL,
  `mc_lm_m_list_5` varchar(20) DEFAULT NULL,
  `mc_lm_m_list_6` varchar(20) DEFAULT NULL,
  `mc_list_1` varchar(20) DEFAULT NULL,
  `mc_list_2` varchar(20) DEFAULT NULL,
  `mc_list_3` varchar(20) DEFAULT NULL,
  `mc_list_4` varchar(20) DEFAULT NULL,
  `mc_list_5` varchar(20) DEFAULT NULL,
  `mc_list_6` varchar(20) DEFAULT NULL,
  `mc_list_7` varchar(20) DEFAULT NULL,
  `mc_list_8` varchar(20) DEFAULT NULL,
  `mc_list_9` varchar(20) DEFAULT NULL,
  `mc_list_10` varchar(20) DEFAULT NULL,
  `mc_list_11` varchar(20) DEFAULT NULL,
  `mc_list_12` varchar(20) DEFAULT NULL,
  `mc_list_13` varchar(20) DEFAULT NULL,
  `mc_list_14` varchar(20) DEFAULT NULL,
  `mc_list_15` varchar(20) DEFAULT NULL,
  `mc_list_16` varchar(20) DEFAULT NULL,
  `mc_list_17` varchar(20) DEFAULT NULL,
  `mc_list_18` varchar(20) DEFAULT NULL,
  `mc_list_19` varchar(20) DEFAULT NULL,
  `mc_list_20` varchar(20) DEFAULT NULL,
  `mc_list_21` varchar(20) DEFAULT NULL,
  `mc_list_22` varchar(20) DEFAULT NULL,
  `mc_list_23` varchar(20) DEFAULT NULL,
  `mc_list_24` varchar(20) DEFAULT NULL,
  `mc_list_28` varchar(20) DEFAULT NULL,
  PRIMARY KEY (`id`)
) ENGINE=MyISAM AUTO_INCREMENT=2 DEFAULT CHARSET=utf8;

/*Data for the table `wp_mastercalculator` */

insert  into `wp_mastercalculator`(`id`,`mc_lo_list_1`,`mc_lo_list_2`,`mc_lo_list_3`,`mc_lm_r_list_1`,`mc_lm_r_list_2`,`mc_lm_r_list_3`,`mc_lm_r_list_4`,`mc_lm_r_list_5`,`mc_lm_r_list_6`,`mc_lm_t_list_1`,`mc_lm_t_list_2`,`mc_lm_t_list_3`,`mc_lm_t_list_4`,`mc_lm_t_list_5`,`mc_lm_t_list_6`,`mc_lm_m_list_1`,`mc_lm_m_list_2`,`mc_lm_m_list_3`,`mc_lm_m_list_4`,`mc_lm_m_list_5`,`mc_lm_m_list_6`,`mc_list_1`,`mc_list_2`,`mc_list_3`,`mc_list_4`,`mc_list_5`,`mc_list_6`,`mc_list_7`,`mc_list_8`,`mc_list_9`,`mc_list_10`,`mc_list_11`,`mc_list_12`,`mc_list_13`,`mc_list_14`,`mc_list_15`,`mc_list_16`,`mc_list_17`,`mc_list_18`,`mc_list_19`,`mc_list_20`,`mc_list_21`,`mc_list_22`,`mc_list_23`,`mc_list_24`,`mc_list_28`) values (1,'44.5','47.5','100','30.00','30.00','30.00','30.00','30.00','30.00','90','30','90','30','20','5','0','0','0','0','0','0','78.96','67.11','6.34','4.73','.83','.83','1.54','1.00','0','4.50','5.50','7.00','8.00','20.82','64.34','64.88','1.50','.11','24.50','1.04','1.24','5.45','0.12','1.50','1.00');

/*!40101 SET SQL_MODE=@OLD_SQL_MODE */;
/*!40014 SET FOREIGN_KEY_CHECKS=@OLD_FOREIGN_KEY_CHECKS */;
/*!40014 SET UNIQUE_CHECKS=@OLD_UNIQUE_CHECKS */;
/*!40111 SET SQL_NOTES=@OLD_SQL_NOTES */;
